/*
Navicat MySQL Data Transfer

Source Server         : localhost_3306
Source Server Version : 50553
Source Host           : localhost:3306
Source Database       : huichaoxuan

Target Server Type    : MYSQL
Target Server Version : 50553
File Encoding         : 65001

Date: 2017-09-24 17:35:52
*/

SET FOREIGN_KEY_CHECKS=0;

-- ----------------------------
-- Table structure for hui_about
-- ----------------------------
DROP TABLE IF EXISTS `hui_about`;
CREATE TABLE `hui_about` (
  `id` int(10) unsigned zerofill NOT NULL AUTO_INCREMENT,
  `img` varchar(255) NOT NULL,
  `content` text,
  `state` varchar(255) DEFAULT NULL,
  PRIMARY KEY (`id`)
) ENGINE=InnoDB AUTO_INCREMENT=5 DEFAULT CHARSET=utf8;

-- ----------------------------
-- Records of hui_about
-- ----------------------------
INSERT INTO `hui_about` VALUES ('0000000001', '20170921\\8775099790dd2a4996a799d83b0e077e.jpg', '<p>&nbsp;&nbsp;&nbsp;&nbsp;广州市惠焯烜服装设计有限公司是一家大型的专业从事皮草皮革服装以及相关产品研发、设计、生产、 销售为一体的服饰公司，并拥有专业的生产线管理完善的工厂，企业的长远规划为公司打造百年品牌奠定了坚实基础。<br/><br/>\r\n					&nbsp;&nbsp;&nbsp;&nbsp;公司始终坚持 “ 产品的创新，差异化；市场的整合，全局化；利益共享化，在变化中找准自我定位 ” 的经营理念，以 “ 追求客户最大满意 ” 为服务宗旨，紧随时代流行趋势，使各类服饰产品始终走在市场前沿，做到款款流行。<br/><br/>\r\n					&nbsp;&nbsp;&nbsp;&nbsp;公司拥有各类先进制衣设备和优厚的基础设施，拥有一支过百人的精良队伍。公司按国际质量体系进行先进的生产管理，生产原料的严格筛选，生产过程的全程控制，保证了产品的高质量和骄人的市场业绩，随着公司关于 ISO—9001 国际质量体系认证和 ISO—14001 环境质量体系认证进入验收实施阶段，企业的产品品质和服务质量将得到更大程度提升</p>', '否');
INSERT INTO `hui_about` VALUES ('0000000002', '20170921\\309125e6bafb60de625e57ebeb53a6ea.jpg', '<p>公司自主研发设计生产的各类高档大衣、马夹、短衣、披肩、包包、配饰及各类时尚皮草皮革服装，已服务于国内外众多著名企业集团，各类皮草皮革服饰产品为各大市场畅销品。我们将进一步依托高素质的员工队伍，先进精良的生产设备， 通过诚信创新的营销服务，争做中国皮草皮革服饰第一品牌。<br/><br/>\r\n					我们这支团结而奋进的团队，在最大限度地张扬着年轻、激情、独特的个性，进步、发展、无不处处挥洒美泰来人永争第一的壮志与豪情。<br/><br/>\r\n					我们始终坚信，有付出就有回报。感谢每一位关注、关怀惠焯烜服装的人，惠焯烜服装愿与各企业集团进行真诚合作，我们将通过对服饰设计、制作的 “ 点点精细，体现完美 ” 以及产品的较高性价比，助您事业更成功 !</p>', '否');
INSERT INTO `hui_about` VALUES ('0000000003', '20170921\\cb9cc35854ce24e0a7aef4563ac28fc1.jpg', '<h4>历史&amp; 奖项</h4>\r\n					<p>2016        与韩国金道公司合作中国广州时装秀<br/><br/>\r\n					2015        参加北京皮草展<br/><br/>\r\n					2014        参加香港皮草展<br/><br/>\r\n					2011        获得广东省优秀企业称号<br/><br/>\r\n					2004        成立广州市惠焯烜服装设计有限公司</p>', '否');
INSERT INTO `hui_about` VALUES ('0000000004', '20170922\\60c9ef447eb6997eb21970cd6454ecdd.jpg', '<h4>工厂</h4>\r\n					<p>    目前，我们工厂约有100名工人，有着专业的制作皮草工艺经验。所有机械设备超过50台。所有机都是从台湾进口，设备先进。我们拥有潜质的员工超过60名，所有的技术工人掌握生产流程，质量和数量满足客户需求。我们的主要产品包括水貂，獭兔，狐狸外衣和皮草配件。</p>', '否');

-- ----------------------------
-- Table structure for hui_adminuser
-- ----------------------------
DROP TABLE IF EXISTS `hui_adminuser`;
CREATE TABLE `hui_adminuser` (
  `id` int(6) unsigned zerofill NOT NULL AUTO_INCREMENT,
  `username` varchar(25) NOT NULL,
  `pass` varchar(255) NOT NULL,
  `state` varchar(20) NOT NULL DEFAULT '1',
  `static` varchar(20) NOT NULL,
  PRIMARY KEY (`id`),
  UNIQUE KEY `username` (`username`)
) ENGINE=InnoDB AUTO_INCREMENT=9 DEFAULT CHARSET=utf8;

-- ----------------------------
-- Records of hui_adminuser
-- ----------------------------
INSERT INTO `hui_adminuser` VALUES ('000001', 'zhang', '5a07eacedbd164a9cbfa69c6b6d7e266', '超级管理', '否');
INSERT INTO `hui_adminuser` VALUES ('000002', 'xin', 'c8db2cda51b41cc329e5a5beb5a75b95', '普通管理', '否');
INSERT INTO `hui_adminuser` VALUES ('000007', 'uuui', '705ff0355ebe393e5ccd60e2f44a4fd5', '普通管理', '是');
INSERT INTO `hui_adminuser` VALUES ('000008', 'qwe', '2352f118bf8d0592e55c896d7ae95136', '普通管理', '是');

-- ----------------------------
-- Table structure for hui_banner
-- ----------------------------
DROP TABLE IF EXISTS `hui_banner`;
CREATE TABLE `hui_banner` (
  `id` int(6) unsigned zerofill NOT NULL AUTO_INCREMENT,
  `img` varchar(255) DEFAULT NULL,
  `name` varchar(255) NOT NULL,
  `explain` varchar(255) NOT NULL,
  `state` tinyint(1) unsigned NOT NULL DEFAULT '1',
  PRIMARY KEY (`id`)
) ENGINE=InnoDB AUTO_INCREMENT=5 DEFAULT CHARSET=utf8;

-- ----------------------------
-- Records of hui_banner
-- ----------------------------
INSERT INTO `hui_banner` VALUES ('000001', '20170913\\2f7d39b54e125ab90cb2d395b1327675.jpg', '1.jpg', '第一张banner', '1');
INSERT INTO `hui_banner` VALUES ('000002', '20170909\\fd389ec8edafbe9e1e5a6d41a9cfcde6.jpg', '32', '编号5', '1');
INSERT INTO `hui_banner` VALUES ('000003', '20170908\\a7de422cff3869b6868b2bb400bebbc6.jpg', '1213', '123123', '1');
INSERT INTO `hui_banner` VALUES ('000004', '20170922\\83665353fd8911ff2316d2c11c67306a.jpg', '1213', 'weq', '1');

-- ----------------------------
-- Table structure for hui_classified
-- ----------------------------
DROP TABLE IF EXISTS `hui_classified`;
CREATE TABLE `hui_classified` (
  `id` int(10) unsigned zerofill NOT NULL AUTO_INCREMENT,
  `name` varchar(255) NOT NULL,
  `fname` varchar(255) NOT NULL,
  `path` varchar(255) NOT NULL,
  `state` tinyint(1) unsigned NOT NULL,
  PRIMARY KEY (`id`)
) ENGINE=InnoDB AUTO_INCREMENT=9 DEFAULT CHARSET=utf8;

-- ----------------------------
-- Records of hui_classified
-- ----------------------------
INSERT INTO `hui_classified` VALUES ('0000000001', '双面羊绒材质', '大衣系列', '7,', '1');
INSERT INTO `hui_classified` VALUES ('0000000002', '胎牛皮材质', '大衣系列', '7,', '1');
INSERT INTO `hui_classified` VALUES ('0000000003', '水貂绒材质', '马夹系列', '8,', '1');
INSERT INTO `hui_classified` VALUES ('0000000004', '狐狸材质', '大衣系列', '7,', '1');
INSERT INTO `hui_classified` VALUES ('0000000005', '水貂绒材质', '大衣系列', '7,', '1');
INSERT INTO `hui_classified` VALUES ('0000000006', '羊光皮材质', '大衣系列', '7,', '1');
INSERT INTO `hui_classified` VALUES ('0000000007', '兔毛材质', '大衣系列', '7,', '1');
INSERT INTO `hui_classified` VALUES ('0000000008', '羊光皮材质', '短衣系列', '9,', '1');

-- ----------------------------
-- Table structure for hui_cominfo
-- ----------------------------
DROP TABLE IF EXISTS `hui_cominfo`;
CREATE TABLE `hui_cominfo` (
  `id` int(6) unsigned zerofill NOT NULL AUTO_INCREMENT,
  `name` varchar(255) NOT NULL,
  `address` varchar(255) NOT NULL,
  `phone` varchar(255) NOT NULL,
  `fax` varchar(255) NOT NULL,
  `email` varchar(255) NOT NULL,
  PRIMARY KEY (`id`)
) ENGINE=InnoDB AUTO_INCREMENT=2 DEFAULT CHARSET=utf8;

-- ----------------------------
-- Records of hui_cominfo
-- ----------------------------
INSERT INTO `hui_cominfo` VALUES ('000001', '广州市惠焯烜服装设计有限公司', '广州市天河区天平架沙太南路银利茶叶博览中心B栋东梯三楼全层', '020-83270720 83271900', '020-83270727', 'freyrskuld@freyrskuld.com.cn');

-- ----------------------------
-- Table structure for hui_comment
-- ----------------------------
DROP TABLE IF EXISTS `hui_comment`;
CREATE TABLE `hui_comment` (
  `id` int(6) unsigned zerofill NOT NULL AUTO_INCREMENT,
  `sid` int(6) unsigned zerofill NOT NULL,
  `name` varchar(25) NOT NULL,
  `time` varchar(255) NOT NULL,
  `comment` varchar(255) NOT NULL,
  PRIMARY KEY (`id`)
) ENGINE=InnoDB AUTO_INCREMENT=16 DEFAULT CHARSET=utf8;

-- ----------------------------
-- Records of hui_comment
-- ----------------------------
INSERT INTO `hui_comment` VALUES ('000001', '000001', '3qe', '1505302522', 'qwe');
INSERT INTO `hui_comment` VALUES ('000002', '000001', '1112', '1505302522', 'qw');
INSERT INTO `hui_comment` VALUES ('000003', '000001', 'sa', '1505302382', '12124412214');
INSERT INTO `hui_comment` VALUES ('000004', '000001', 'sa', '1505302522', '3212324123412we');
INSERT INTO `hui_comment` VALUES ('000005', '000001', 'sa', '1505302522', '3212324123412we');
INSERT INTO `hui_comment` VALUES ('000006', '000001', 'sa', '1505302582', 'eqeqwe');
INSERT INTO `hui_comment` VALUES ('000007', '000001', 'sa', '1505302582', 'eqeqwe');
INSERT INTO `hui_comment` VALUES ('000010', '000002', '11', '1505350169', '娥娥565任ii日服');
INSERT INTO `hui_comment` VALUES ('000011', '000002', '1112', '1505350703', '32123');
INSERT INTO `hui_comment` VALUES ('000012', '000002', 'zhang', '1505381508', '');
INSERT INTO `hui_comment` VALUES ('000013', '000002', 'aa', '1505394095', 'eqwqeqwqw');
INSERT INTO `hui_comment` VALUES ('000014', '000002', 'aa', '1505728198', 'fdsdzf速度大大超出');
INSERT INTO `hui_comment` VALUES ('000015', '000002', 'sunshine', '1505977744', 'oskfoksodfkoskfosd ');

-- ----------------------------
-- Table structure for hui_haibao
-- ----------------------------
DROP TABLE IF EXISTS `hui_haibao`;
CREATE TABLE `hui_haibao` (
  `id` int(6) unsigned zerofill NOT NULL AUTO_INCREMENT,
  `img` varchar(255) NOT NULL,
  `explain` varchar(255) NOT NULL,
  `state` varchar(255) NOT NULL,
  PRIMARY KEY (`id`)
) ENGINE=InnoDB AUTO_INCREMENT=6 DEFAULT CHARSET=utf8;

-- ----------------------------
-- Records of hui_haibao
-- ----------------------------
INSERT INTO `hui_haibao` VALUES ('000001', '20170921\\85d6cb21c13ca2dc2004c5a81e2f72f4.jpg', '产品中心', '1');
INSERT INTO `hui_haibao` VALUES ('000002', '20170921\\198b18f4430a94230c6b29c1baab9928.jpg', '公司简介', '1');
INSERT INTO `hui_haibao` VALUES ('000003', '20170921\\9f5f1290aa204d0db22e5d1991b452bd.jpg', '新闻动态', '1');
INSERT INTO `hui_haibao` VALUES ('000004', '20170921\\b8a59cf6c03950ef589635bc1fc44e25.jpg', '企业招聘', '1');
INSERT INTO `hui_haibao` VALUES ('000005', '20170922\\a386826f4319901fe0e91ee63e5dd8d7.jpg', '联系我们', '1');

-- ----------------------------
-- Table structure for hui_jianli
-- ----------------------------
DROP TABLE IF EXISTS `hui_jianli`;
CREATE TABLE `hui_jianli` (
  `id` int(6) unsigned zerofill NOT NULL AUTO_INCREMENT,
  `job` varchar(255) NOT NULL,
  `name` varchar(255) NOT NULL,
  `path` varchar(255) NOT NULL,
  PRIMARY KEY (`id`)
) ENGINE=InnoDB AUTO_INCREMENT=4 DEFAULT CHARSET=utf8;

-- ----------------------------
-- Records of hui_jianli
-- ----------------------------
INSERT INTO `hui_jianli` VALUES ('000001', '跟单助理', '9ab2df021893cdd89370d373f7bf4f32.docx', '20170912\\9ab2df021893cdd89370d373f7bf4f32.docx');
INSERT INTO `hui_jianli` VALUES ('000003', '服装设计师', '7c1208893578ea6ced856ba597377e1f.docx', '20170915\\7c1208893578ea6ced856ba597377e1f.docx');

-- ----------------------------
-- Table structure for hui_job
-- ----------------------------
DROP TABLE IF EXISTS `hui_job`;
CREATE TABLE `hui_job` (
  `id` int(6) unsigned zerofill NOT NULL AUTO_INCREMENT,
  `name` varchar(25) NOT NULL,
  `address` varchar(255) NOT NULL,
  `pay` varchar(255) NOT NULL,
  `time` varchar(255) NOT NULL,
  `explain` text,
  PRIMARY KEY (`id`)
) ENGINE=InnoDB AUTO_INCREMENT=5 DEFAULT CHARSET=utf8;

-- ----------------------------
-- Records of hui_job
-- ----------------------------
INSERT INTO `hui_job` VALUES ('000001', '跟单助理', '广州市天河区天平架沙太南路', '3000~4000', '1505302522', '<p><span style=\"display: inline !important; float: none; background-color: transparent; color: rgb(51, 51, 51); font-family: &quot;Microsoft Yahei&quot;; font-size: 12px; font-style: normal; font-variant: normal; font-weight: 400; letter-spacing: normal; line-height: 24px; orphans: 2; text-align: left; text-decoration: none; text-indent: 0px; text-transform: none; -webkit-text-stroke-width: 0px; word-spacing: 0px; word-wrap: break-word;\">岗位职责：1、大专以上学历，20-40岁，品质佳，有团队意识。</span><br/><span style=\"display: inline !important; float: none; background-color: transparent; color: rgb(51, 51, 51); font-family: &quot;Microsoft Yahei&quot;; font-size: 12px; font-style: normal; font-variant: normal; font-weight: 400; letter-spacing: normal; line-height: 24px; orphans: 2; text-align: left; text-decoration: none; text-indent: 0px; text-transform: none; -webkit-text-stroke-width: 0px; word-spacing: 0px; word-wrap: break-word;\">2、认真、负责，有上进心。</span><br/><span style=\"display: inline !important; float: none; background-color: transparent; color: rgb(51, 51, 51); font-family: &quot;Microsoft Yahei&quot;; font-size: 12px; font-style: normal; font-variant: normal; font-weight: 400; letter-spacing: normal; line-height: 24px; orphans: 2; text-align: left; text-decoration: none; text-indent: 0px; text-transform: none; -webkit-text-stroke-width: 0px; word-spacing: 0px; word-wrap: break-word;\">3、吃苦耐劳，主动思考问题，协助经理做好份内工作。</span><br/><span style=\"display: inline !important; float: none; background-color: transparent; color: rgb(51, 51, 51); font-family: &quot;Microsoft Yahei&quot;; font-size: 12px; font-style: normal; font-variant: normal; font-weight: 400; letter-spacing: normal; line-height: 24px; orphans: 2; text-align: left; text-decoration: none; text-indent: 0px; text-transform: none; -webkit-text-stroke-width: 0px; word-spacing: 0px; word-wrap: break-word;\">4、协助经理做好优秀人才的引进，简单的初试。</span><br/><span style=\"display: inline !important; float: none; background-color: transparent; color: rgb(51, 51, 51); font-family: &quot;Microsoft Yahei&quot;; font-size: 12px; font-style: normal; font-variant: normal; font-weight: 400; letter-spacing: normal; line-height: 24px; orphans: 2; text-align: left; text-decoration: none; text-indent: 0px; text-transform: none; -webkit-text-stroke-width: 0px; word-spacing: 0px; word-wrap: break-word;\">5、老客户的售后电话回访，资料的变更。</span><br/><span style=\"display: inline !important; float: none; background-color: transparent; color: rgb(51, 51, 51); font-family: &quot;Microsoft Yahei&quot;; font-size: 12px; font-style: normal; font-variant: normal; font-weight: 400; letter-spacing: normal; line-height: 24px; orphans: 2; text-align: left; text-decoration: none; text-indent: 0px; text-transform: none; -webkit-text-stroke-width: 0px; word-spacing: 0px; word-wrap: break-word;\">6、协助做好团队人员的管理工作。</span><br/><span style=\"display: inline !important; float: none; background-color: transparent; color: rgb(51, 51, 51); font-family: &quot;Microsoft Yahei&quot;; font-size: 12px; font-style: normal; font-variant: normal; font-weight: 400; letter-spacing: normal; line-height: 24px; orphans: 2; text-align: left; text-decoration: none; text-indent: 0px; text-transform: none; -webkit-text-stroke-width: 0px; word-spacing: 0px; word-wrap: break-word;\">7、上五休二，每天8:15-17:00，国假日正常休息</span></p>');
INSERT INTO `hui_job` VALUES ('000002', '服装设计师', '广州市天河区天平架沙太南路', '面议', '1505917454', '<p><span style=\"display: inline !important; float: none; background-color: transparent; color: rgb(51, 51, 51); font-family: &quot;Microsoft Yahei&quot;; font-size: 12px; font-style: normal; font-variant: normal; font-weight: 400; letter-spacing: normal; line-height: 24px; orphans: 2; text-align: left; text-decoration: none; text-indent: 0px; text-transform: none; -webkit-text-stroke-width: 0px; word-spacing: 0px; word-wrap: break-word;\">职位描述：</span><br/><span style=\"display: inline !important; float: none; background-color: transparent; color: rgb(51, 51, 51); font-family: &quot;Microsoft Yahei&quot;; font-size: 12px; font-style: normal; font-variant: normal; font-weight: 400; letter-spacing: normal; line-height: 24px; orphans: 2; text-align: left; text-decoration: none; text-indent: 0px; text-transform: none; -webkit-text-stroke-width: 0px; word-spacing: 0px; word-wrap: break-word;\">1、收集整理服装设计市场信息，协助主管确定每季设计方向。</span><br/><span style=\"display: inline !important; float: none; background-color: transparent; color: rgb(51, 51, 51); font-family: &quot;Microsoft Yahei&quot;; font-size: 12px; font-style: normal; font-variant: normal; font-weight: 400; letter-spacing: normal; line-height: 24px; orphans: 2; text-align: left; text-decoration: none; text-indent: 0px; text-transform: none; -webkit-text-stroke-width: 0px; word-spacing: 0px; word-wrap: break-word;\">2、议定与执行季度产品开发计划的工作。</span><br/><span style=\"display: inline !important; float: none; background-color: transparent; color: rgb(51, 51, 51); font-family: &quot;Microsoft Yahei&quot;; font-size: 12px; font-style: normal; font-variant: normal; font-weight: 400; letter-spacing: normal; line-height: 24px; orphans: 2; text-align: left; text-decoration: none; text-indent: 0px; text-transform: none; -webkit-text-stroke-width: 0px; word-spacing: 0px; word-wrap: break-word;\">3、开发新款式，制作标准化的设计文件。</span><br/><span style=\"display: inline !important; float: none; background-color: transparent; color: rgb(51, 51, 51); font-family: &quot;Microsoft Yahei&quot;; font-size: 12px; font-style: normal; font-variant: normal; font-weight: 400; letter-spacing: normal; line-height: 24px; orphans: 2; text-align: left; text-decoration: none; text-indent: 0px; text-transform: none; -webkit-text-stroke-width: 0px; word-spacing: 0px; word-wrap: break-word;\">4、检查、讨论、修改设计稿。</span><br/><span style=\"display: inline !important; float: none; background-color: transparent; color: rgb(51, 51, 51); font-family: &quot;Microsoft Yahei&quot;; font-size: 12px; font-style: normal; font-variant: normal; font-weight: 400; letter-spacing: normal; line-height: 24px; orphans: 2; text-align: left; text-decoration: none; text-indent: 0px; text-transform: none; -webkit-text-stroke-width: 0px; word-spacing: 0px; word-wrap: break-word;\">5、跟进设计稿制作成衣的进度。</span><br/><span style=\"display: inline !important; float: none; background-color: transparent; color: rgb(51, 51, 51); font-family: &quot;Microsoft Yahei&quot;; font-size: 12px; font-style: normal; font-variant: normal; font-weight: 400; letter-spacing: normal; line-height: 24px; orphans: 2; text-align: left; text-decoration: none; text-indent: 0px; text-transform: none; -webkit-text-stroke-width: 0px; word-spacing: 0px; word-wrap: break-word;\">6、评审过程中听取修改意见，结合销售部要求修改设计产品。</span><br/><span style=\"display: inline !important; float: none; background-color: transparent; color: rgb(51, 51, 51); font-family: &quot;Microsoft Yahei&quot;; font-size: 12px; font-style: normal; font-variant: normal; font-weight: 400; letter-spacing: normal; line-height: 24px; orphans: 2; text-align: left; text-decoration: none; text-indent: 0px; text-transform: none; -webkit-text-stroke-width: 0px; word-spacing: 0px; word-wrap: break-word;\">7、做好订货会及产品上市后的分析与检讨。</span><br/><span style=\"display: inline !important; float: none; background-color: transparent; color: rgb(51, 51, 51); font-family: &quot;Microsoft Yahei&quot;; font-size: 12px; font-style: normal; font-variant: normal; font-weight: 400; letter-spacing: normal; line-height: 24px; orphans: 2; text-align: left; text-decoration: none; text-indent: 0px; text-transform: none; -webkit-text-stroke-width: 0px; word-spacing: 0px; word-wrap: break-word;\">任职资格：</span><br/><span style=\"display: inline !important; float: none; background-color: transparent; color: rgb(51, 51, 51); font-family: &quot;Microsoft Yahei&quot;; font-size: 12px; font-style: normal; font-variant: normal; font-weight: 400; letter-spacing: normal; line-height: 24px; orphans: 2; text-align: left; text-decoration: none; text-indent: 0px; text-transform: none; -webkit-text-stroke-width: 0px; word-spacing: 0px; word-wrap: break-word;\">1、服装设计本科毕业； </span><br/><span style=\"display: inline !important; float: none; background-color: transparent; color: rgb(51, 51, 51); font-family: &quot;Microsoft Yahei&quot;; font-size: 12px; font-style: normal; font-variant: normal; font-weight: 400; letter-spacing: normal; line-height: 24px; orphans: 2; text-align: left; text-decoration: none; text-indent: 0px; text-transform: none; -webkit-text-stroke-width: 0px; word-spacing: 0px; word-wrap: break-word;\">2、具备5年及以上品牌女装企业同岗位工作经验，有3年以上主力设计师工作经历优先考虑；</span><br/><span style=\"display: inline !important; float: none; background-color: transparent; color: rgb(51, 51, 51); font-family: &quot;Microsoft Yahei&quot;; font-size: 12px; font-style: normal; font-variant: normal; font-weight: 400; letter-spacing: normal; line-height: 24px; orphans: 2; text-align: left; text-decoration: none; text-indent: 0px; text-transform: none; -webkit-text-stroke-width: 0px; word-spacing: 0px; word-wrap: break-word;\">3、熟练操作画图软件PHOTOSHOP，CORELDRAW,文字叙述能力强，设计开发出款能力或手绘能力强者优先考虑；对时尚、市场具有敏锐的触觉，对流行趋势的把握和判断能力，有深厚的服装设计功底，和良好色彩搭配能力，有较高的产品设计能力和整合能力； </span><br/><span style=\"display: inline !important; float: none; background-color: transparent; color: rgb(51, 51, 51); font-family: &quot;Microsoft Yahei&quot;; font-size: 12px; font-style: normal; font-variant: normal; font-weight: 400; letter-spacing: normal; line-height: 24px; orphans: 2; text-align: left; text-decoration: none; text-indent: 0px; text-transform: none; -webkit-text-stroke-width: 0px; word-spacing: 0px; word-wrap: break-word;\">4、敏锐的市场嗅觉，能适应快速运转的机制； </span><br/><span style=\"display: inline !important; float: none; background-color: transparent; color: rgb(51, 51, 51); font-family: &quot;Microsoft Yahei&quot;; font-size: 12px; font-style: normal; font-variant: normal; font-weight: 400; letter-spacing: normal; line-height: 24px; orphans: 2; text-align: left; text-decoration: none; text-indent: 0px; text-transform: none; -webkit-text-stroke-width: 0px; word-spacing: 0px; word-wrap: break-word;\">5、具有良好的沟通协调能力，具备良好的市场意识、品牌意识、团队合作意识、计划与执行能力；</span><br/><span style=\"display: inline !important; float: none; background-color: transparent; color: rgb(51, 51, 51); font-family: &quot;Microsoft Yahei&quot;; font-size: 12px; font-style: normal; font-variant: normal; font-weight: 400; letter-spacing: normal; line-height: 24px; orphans: 2; text-align: left; text-decoration: none; text-indent: 0px; text-transform: none; -webkit-text-stroke-width: 0px; word-spacing: 0px; word-wrap: break-word;\">6、做好订货会及产品上市后分析与检讨，并按每期订货会的进度要求完成任务； </span><br/><span style=\"display: inline !important; float: none; background-color: transparent; color: rgb(51, 51, 51); font-family: &quot;Microsoft Yahei&quot;; font-size: 12px; font-style: normal; font-variant: normal; font-weight: 400; letter-spacing: normal; line-height: 24px; orphans: 2; text-align: left; text-decoration: none; text-indent: 0px; text-transform: none; -webkit-text-stroke-width: 0px; word-spacing: 0px; word-wrap: break-word;\">7、负责参与板衣的批板工作，并跟进初板及复板的进度； </span><br/><span style=\"display: inline !important; float: none; background-color: transparent; color: rgb(51, 51, 51); font-family: &quot;Microsoft Yahei&quot;; font-size: 12px; font-style: normal; font-variant: normal; font-weight: 400; letter-spacing: normal; line-height: 24px; orphans: 2; text-align: left; text-decoration: none; text-indent: 0px; text-transform: none; -webkit-text-stroke-width: 0px; word-spacing: 0px; word-wrap: break-word;\">8、适应公司安排出差任务，并完成上司交办的其他临时事务。</span></p>');
INSERT INTO `hui_job` VALUES ('000003', '市场助理', '广州市天河区天平架沙太南路', '3000~4000', '1505917470', '<p><span style=\"display: inline !important; float: none; background-color: transparent; color: rgb(60, 60, 60); font-family: &quot;宋体&quot;; font-size: 12px; font-style: normal; font-variant: normal; font-weight: 400; letter-spacing: normal; orphans: 2; text-align: left; text-decoration: none; text-indent: 0px; text-transform: none; -webkit-text-stroke-width: 0px; word-spacing: 0px;\">工作内容：</span><br/><span style=\"display: inline !important; float: none; background-color: transparent; color: rgb(60, 60, 60); font-family: &quot;宋体&quot;; font-size: 12px; font-style: normal; font-variant: normal; font-weight: 400; letter-spacing: normal; orphans: 2; text-align: left; text-decoration: none; text-indent: 0px; text-transform: none; -webkit-text-stroke-width: 0px; word-spacing: 0px;\">1.市场活动支持（供应商沟通，样机管理等）</span><br/><span style=\"display: inline !important; float: none; background-color: transparent; color: rgb(60, 60, 60); font-family: &quot;宋体&quot;; font-size: 12px; font-style: normal; font-variant: normal; font-weight: 400; letter-spacing: normal; orphans: 2; text-align: left; text-decoration: none; text-indent: 0px; text-transform: none; -webkit-text-stroke-width: 0px; word-spacing: 0px;\">2.财务活动支持（单据处理等）</span><br/><span style=\"display: inline !important; float: none; background-color: transparent; color: rgb(60, 60, 60); font-family: &quot;宋体&quot;; font-size: 12px; font-style: normal; font-variant: normal; font-weight: 400; letter-spacing: normal; orphans: 2; text-align: left; text-decoration: none; text-indent: 0px; text-transform: none; -webkit-text-stroke-width: 0px; word-spacing: 0px;\">3.办公室事务助理（文件管理等）</span><br/><span style=\"display: inline !important; float: none; background-color: transparent; color: rgb(60, 60, 60); font-family: &quot;宋体&quot;; font-size: 12px; font-style: normal; font-variant: normal; font-weight: 400; letter-spacing: normal; orphans: 2; text-align: left; text-decoration: none; text-indent: 0px; text-transform: none; -webkit-text-stroke-width: 0px; word-spacing: 0px;\">4.完成上级交付的其他任务</span><br/><span style=\"display: inline !important; float: none; background-color: transparent; color: rgb(60, 60, 60); font-family: &quot;宋体&quot;; font-size: 12px; font-style: normal; font-variant: normal; font-weight: 400; letter-spacing: normal; orphans: 2; text-align: left; text-decoration: none; text-indent: 0px; text-transform: none; -webkit-text-stroke-width: 0px; word-spacing: 0px;\"></span><br/><span style=\"display: inline !important; float: none; background-color: transparent; color: rgb(60, 60, 60); font-family: &quot;宋体&quot;; font-size: 12px; font-style: normal; font-variant: normal; font-weight: 400; letter-spacing: normal; orphans: 2; text-align: left; text-decoration: none; text-indent: 0px; text-transform: none; -webkit-text-stroke-width: 0px; word-spacing: 0px;\"></span><br/><span style=\"display: inline !important; float: none; background-color: transparent; color: rgb(60, 60, 60); font-family: &quot;宋体&quot;; font-size: 12px; font-style: normal; font-variant: normal; font-weight: 400; letter-spacing: normal; orphans: 2; text-align: left; text-decoration: none; text-indent: 0px; text-transform: none; -webkit-text-stroke-width: 0px; word-spacing: 0px;\">具体要求：</span><br/><span style=\"display: inline !important; float: none; background-color: transparent; color: rgb(60, 60, 60); font-family: &quot;宋体&quot;; font-size: 12px; font-style: normal; font-variant: normal; font-weight: 400; letter-spacing: normal; orphans: 2; text-align: left; text-decoration: none; text-indent: 0px; text-transform: none; -webkit-text-stroke-width: 0px; word-spacing: 0px;\">1. 熟练使用现代化办公软件</span><br/><span style=\"display: inline !important; float: none; background-color: transparent; color: rgb(60, 60, 60); font-family: &quot;宋体&quot;; font-size: 12px; font-style: normal; font-variant: normal; font-weight: 400; letter-spacing: normal; orphans: 2; text-align: left; text-decoration: none; text-indent: 0px; text-transform: none; -webkit-text-stroke-width: 0px; word-spacing: 0px;\">2. 性格温和，细腻</span><br/><span style=\"display: inline !important; float: none; background-color: transparent; color: rgb(60, 60, 60); font-family: &quot;宋体&quot;; font-size: 12px; font-style: normal; font-variant: normal; font-weight: 400; letter-spacing: normal; orphans: 2; text-align: left; text-decoration: none; text-indent: 0px; text-transform: none; -webkit-text-stroke-width: 0px; word-spacing: 0px;\">3. 沟通能力强</span><br/><span style=\"display: inline !important; float: none; background-color: transparent; color: rgb(60, 60, 60); font-family: &quot;宋体&quot;; font-size: 12px; font-style: normal; font-variant: normal; font-weight: 400; letter-spacing: normal; orphans: 2; text-align: left; text-decoration: none; text-indent: 0px; text-transform: none; -webkit-text-stroke-width: 0px; word-spacing: 0px;\">4. 每周能来2-3天，上班时间稳定</span></p>');
INSERT INTO `hui_job` VALUES ('000004', '跟单助理', '广州市天河区天平架沙太南路', '3000~4000', '1506079755', null);

-- ----------------------------
-- Table structure for hui_link
-- ----------------------------
DROP TABLE IF EXISTS `hui_link`;
CREATE TABLE `hui_link` (
  `id` int(11) unsigned zerofill NOT NULL AUTO_INCREMENT,
  `name` varchar(25) NOT NULL,
  `link` varchar(255) NOT NULL,
  PRIMARY KEY (`id`)
) ENGINE=InnoDB AUTO_INCREMENT=3 DEFAULT CHARSET=utf8;

-- ----------------------------
-- Records of hui_link
-- ----------------------------
INSERT INTO `hui_link` VALUES ('00000000001', '淘宝', 'https://www.taobao.com');
INSERT INTO `hui_link` VALUES ('00000000002', '京东', 'https://gou.jd.com');

-- ----------------------------
-- Table structure for hui_nav
-- ----------------------------
DROP TABLE IF EXISTS `hui_nav`;
CREATE TABLE `hui_nav` (
  `id` int(6) unsigned zerofill NOT NULL AUTO_INCREMENT,
  `name` varchar(25) NOT NULL,
  `link` varchar(255) NOT NULL,
  `explain` varchar(255) NOT NULL,
  `fid` varchar(255) DEFAULT NULL,
  `state` varchar(20) NOT NULL,
  PRIMARY KEY (`id`)
) ENGINE=InnoDB AUTO_INCREMENT=13 DEFAULT CHARSET=utf8;

-- ----------------------------
-- Records of hui_nav
-- ----------------------------
INSERT INTO `hui_nav` VALUES ('000001', '首页', 'index', '用于返回首页', null, '1');
INSERT INTO `hui_nav` VALUES ('000002', '产品中心', 'product', '用于跳转产品页', null, '1');
INSERT INTO `hui_nav` VALUES ('000003', '公司简介', 'about', '用于跳转公司简介页', null, '1');
INSERT INTO `hui_nav` VALUES ('000004', '新闻动态', 'news', '用于跳转新闻动态页', null, '1');
INSERT INTO `hui_nav` VALUES ('000005', '联系我们', 'contact', '用于跳转联系我们页', null, '1');
INSERT INTO `hui_nav` VALUES ('000006', '企业招聘', 'recruit', '用于跳转企业招聘页', null, '1');
INSERT INTO `hui_nav` VALUES ('000007', '大衣系列', 'product', '大衣系列的页面', null, '2');
INSERT INTO `hui_nav` VALUES ('000008', '马夹系列', 'product', '马夹系列页面', null, '2');
INSERT INTO `hui_nav` VALUES ('000009', '短衣系列', 'product', '短衣系列页面', null, '2');
INSERT INTO `hui_nav` VALUES ('000010', '披肩系列', 'product', '披肩系列页面', null, '2');
INSERT INTO `hui_nav` VALUES ('000011', '包包系列', 'product', '包包系列页面', null, '2');
INSERT INTO `hui_nav` VALUES ('000012', '配饰系列', 'product', '配饰系列页面', null, '2');

-- ----------------------------
-- Table structure for hui_new
-- ----------------------------
DROP TABLE IF EXISTS `hui_new`;
CREATE TABLE `hui_new` (
  `id` int(6) unsigned zerofill NOT NULL AUTO_INCREMENT,
  `img` varchar(255) NOT NULL,
  `name` varchar(255) NOT NULL,
  `title` varchar(255) NOT NULL,
  `author` varchar(255) NOT NULL,
  `time` varchar(255) NOT NULL,
  `new` text,
  `state` tinyint(1) unsigned NOT NULL,
  PRIMARY KEY (`id`)
) ENGINE=InnoDB AUTO_INCREMENT=3 DEFAULT CHARSET=utf8;

-- ----------------------------
-- Records of hui_new
-- ----------------------------
INSERT INTO `hui_new` VALUES ('000001', '20170912\\eef2261d4fcd5cce6f3584fee5e309aa.jpg', '2016 中国广州红棉国际时装周-惠焯烜', '2016 中国广州红棉国际时装周-惠焯烜 ', 'freyrskuld', '12341', '', '1');
INSERT INTO `hui_new` VALUES ('000002', '20170912\\f0be4b3fa13ca9c36e7cab4cb66b52d7.jpg', '惠焯烜参加皮草服饰展会', '广州市惠焯烜服装设计有限公司参加，2014 香港皮草展，2015 中国上海皮草展，2016 北京皮草展。 ', 'freyrskuld', '123312323232', '<p><img width=\"1170\" height=\"756\" alt=\"\" src=\"http://pro7c4158.pic31.websiteonline.cn/upload/q0wv.jpg\"/></p>', '1');

-- ----------------------------
-- Table structure for hui_product
-- ----------------------------
DROP TABLE IF EXISTS `hui_product`;
CREATE TABLE `hui_product` (
  `id` int(6) unsigned zerofill NOT NULL AUTO_INCREMENT,
  `img` varchar(255) NOT NULL,
  `name` varchar(255) NOT NULL,
  `quality` varchar(255) NOT NULL,
  `price` double(10,0) unsigned NOT NULL,
  `explain` varchar(255) NOT NULL,
  `type` varchar(255) NOT NULL,
  PRIMARY KEY (`id`),
  UNIQUE KEY `name` (`name`)
) ENGINE=InnoDB AUTO_INCREMENT=18 DEFAULT CHARSET=utf8;

-- ----------------------------
-- Records of hui_product
-- ----------------------------
INSERT INTO `hui_product` VALUES ('000001', '20170908\\090d8abca8fd88a6867211277b30da9b.jpg', '松绿色双面羊绒配墨绿色狐狸毛立领中衣', '羊光皮材质', '999', '松绿色双面羊绒配墨绿色狐狸毛立领中衣（羊毛皮+绵羊皮+狐狸毛皮)', '大衣系列');
INSERT INTO `hui_product` VALUES ('000002', '20170911\\024fa93007e9388110c3d73cfd7697a9.jpg', '深啡色脊子水貂羊绒布大衣/HZX-T1834', '水貂材质', '999', '水貂毛皮+羊绒面料+里料100%聚酯纤维', '大衣系列');
INSERT INTO `hui_product` VALUES ('000003', '20170911\\0063873469bbda86038139abc65752fd.jpg', '紫红色山羊毛休闲短衣/HZX-T1476', '羊光皮材质', '999', '羊毛皮 ', '短衣系列');
INSERT INTO `hui_product` VALUES ('000004', '20170911\\19a0a821fee9f9d4958fef5d1d4869be.jpg', '铁灰色水貂短衣/HZX-J1821', '水貂材质', '999', '水貂毛皮+里料100%聚酯纤维', '短衣系列');
INSERT INTO `hui_product` VALUES ('000005', '20170911\\4c3fbafc3f317dc60fe5cd44790df0c8.jpg', '水貂毛皮+里料100%聚酯纤维', '胎牛皮材质', '999', '胎牛毛皮+绵羊皮+里料100%聚酯纤维', '大衣系列');
INSERT INTO `hui_product` VALUES ('000006', '20170911\\4389a4de4c68013341de6f72807a5153.jpg', '驼色双面羊绒休闲款中衣/HZX-T1464', '羊光皮材质', '888', '羊毛皮+绵羊皮', '大衣系列');
INSERT INTO `hui_product` VALUES ('000007', '20170911\\76cce5175189a117ec46a0ca3f8f4d22.jpg', '韩版水貂狐狸大衣', '水貂材质', '10000', '（水貂毛皮+狐狸毛皮+兔毛皮+100%聚酯纤维）', '大衣系列');
INSERT INTO `hui_product` VALUES ('000008', '20170911\\2db93ae13a215720823889f12fd3992d.jpg', '三色水貂连帽中衣', '水貂材质', '9999', 'HZX-T1275三色水貂连帽中衣（水貂毛皮+绵羊皮+100%聚酯纤维）', '短衣系列');
INSERT INTO `hui_product` VALUES ('000009', '20170911\\329155e4d8b685d7b35abce5ae508aba.jpg', '黑色水貂间剪毛、银狐毛领短衣', '水貂材质', '10000', '（面料1水貂毛皮+面料2狐狸毛皮+里料100%聚酯纤维）', '短衣系列');
INSERT INTO `hui_product` VALUES ('000010', '20170911\\cb97a4530dfae47fe811fe29f093899c.jpg', '银灰色双面羊绒中衣', '羊光皮材质', '10000', '银灰色双面羊绒中衣（羊毛皮）', '大衣系列');
INSERT INTO `hui_product` VALUES ('000011', '20170911\\19f26a169775b115b65743ee6fe57d32.jpg', '蓝黑底正蓝顶双色兔毛短衣', '兔毛材质', '10000', '（面料1兔毛皮+面料2绵羊皮+里料100%聚酯纤维)', '短衣系列');
INSERT INTO `hui_product` VALUES ('000016', '20170920\\01b9dde5834893524744affa87b49c13.jpg', '日光狐间光皮短衣', '水貂材质', '10000', 'HZX-J1283日光狐间光皮短衣（面料1狐狸毛皮+里料100%聚酯纤维）', '披肩系列');
INSERT INTO `hui_product` VALUES ('000017', '20170920\\4c58d33eb77fe894f543c2c095da358d.jpg', '驼色双面羊绒配啡色光皮装饰短衣', '羊光皮材质', '10000', 'HZX-FV-5191-驼色双面羊绒配啡色光皮装饰短衣（面料1羊毛皮+面料2绵羊皮）', '短衣系列');

-- ----------------------------
-- Table structure for hui_productde
-- ----------------------------
DROP TABLE IF EXISTS `hui_productde`;
CREATE TABLE `hui_productde` (
  `id` int(6) unsigned zerofill NOT NULL AUTO_INCREMENT,
  `name` varchar(255) NOT NULL,
  `content` text NOT NULL,
  PRIMARY KEY (`id`)
) ENGINE=InnoDB AUTO_INCREMENT=4 DEFAULT CHARSET=utf8;

-- ----------------------------
-- Records of hui_productde
-- ----------------------------
INSERT INTO `hui_productde` VALUES ('000001', '松绿色双面羊绒配墨绿色狐狸毛立领中衣', '<p><span style=\"background-color: transparent; color: rgb(67, 67, 67); font-family: Microsoft YaHei; font-size: 14px; font-style: normal; font-variant: normal; font-weight: 400; letter-spacing: normal; line-height: 24px; margin-bottom: 0px; margin-left: 0px; margin-right: 0px; margin-top: 0px; orphans: 2; padding-bottom: 0px; padding-left: 0px; padding-right: 0px; padding-top: 0px; text-align: justify; text-decoration: none; text-indent: 0px; text-transform: none; -webkit-text-stroke-width: 0px; word-spacing: 0px;\"><span style=\"color: rgb(67, 67, 67); font-family: Microsoft YaHei; font-size: 14px; line-height: 24px; margin-bottom: 0px; margin-left: 0px; margin-right: 0px; margin-top: 0px; padding-bottom: 0px; padding-left: 0px; padding-right: 0px; padding-top: 0px;\">产品参数：</span><br/><span style=\"color: rgb(67, 67, 67); font-family: Microsoft YaHei; font-size: 14px; line-height: 24px; margin-bottom: 0px; margin-left: 0px; margin-right: 0px; margin-top: 0px; padding-bottom: 0px; padding-left: 0px; padding-right: 0px; padding-top: 0px;\">流行元素: </span><br/><span style=\"color: rgb(67, 67, 67); font-family: Microsoft YaHei; font-size: 14px; line-height: 24px; margin-bottom: 0px; margin-left: 0px; margin-right: 0px; margin-top: 0px; padding-bottom: 0px; padding-left: 0px; padding-right: 0px; padding-top: 0px;\">风格: 韩版</span><br/><span style=\"color: rgb(67, 67, 67); font-family: Microsoft YaHei; font-size: 14px; line-height: 24px; margin-bottom: 0px; margin-left: 0px; margin-right: 0px; margin-top: 0px; padding-bottom: 0px; padding-left: 0px; padding-right: 0px; padding-top: 0px;\">服装版型: 修身</span><br/><span style=\"color: rgb(67, 67, 67); font-family: Microsoft YaHei; font-size: 14px; line-height: 24px; margin-bottom: 0px; margin-left: 0px; margin-right: 0px; margin-top: 0px; padding-bottom: 0px; padding-left: 0px; padding-right: 0px; padding-top: 0px;\">款式: 大衣</span><br/><span style=\"color: rgb(67, 67, 67); font-family: Microsoft YaHei; font-size: 14px; line-height: 24px; margin-bottom: 0px; margin-left: 0px; margin-right: 0px; margin-top: 0px; padding-bottom: 0px; padding-left: 0px; padding-right: 0px; padding-top: 0px;\">衣长: 长款</span><br/><span style=\"color: rgb(67, 67, 67); font-family: Microsoft YaHei; font-size: 14px; line-height: 24px; margin-bottom: 0px; margin-left: 0px; margin-right: 0px; margin-top: 0px; padding-bottom: 0px; padding-left: 0px; padding-right: 0px; padding-top: 0px;\">质地: <span style=\"color: rgb(67, 67, 67); font-family: Microsoft YaHei; font-size: 14px; line-height: 24px; margin-bottom: 0px; margin-left: 0px; margin-right: 0px; margin-top: 0px; padding-bottom: 0px; padding-left: 0px; padding-right: 0px; padding-top: 0px;\">羊毛皮</span></span><br/><span style=\"color: rgb(67, 67, 67); font-family: Microsoft YaHei; font-size: 14px; line-height: 24px; margin-bottom: 0px; margin-left: 0px; margin-right: 0px; margin-top: 0px; padding-bottom: 0px; padding-left: 0px; padding-right: 0px; padding-top: 0px;\">成分含量: （羊毛皮+绵羊绒皮）</span></span><span style=\"background-color: transparent; color: rgb(67, 67, 67); font-family: Microsoft YaHei; font-size: 14px; font-style: normal; font-variant: normal; font-weight: 400; letter-spacing: normal; line-height: 24px; margin-bottom: 0px; margin-left: 0px; margin-right: 0px; margin-top: 0px; orphans: 2; padding-bottom: 0px; padding-left: 0px; padding-right: 0px; padding-top: 0px; text-align: justify; text-decoration: none; text-indent: 0px; text-transform: none; -webkit-text-stroke-width: 0px; word-spacing: 0px;\"></span></p>');
INSERT INTO `hui_productde` VALUES ('000002', '深啡色脊子水貂羊绒布大衣/HZX-T1834', '<table width=\"586\"><tbody style=\"border-collapse: collapse; border-spacing: 0px 0px; color: rgb(90, 90, 90); empty-cells: show; font-family: Arial,&amp;quot;宋体&amp;quot;,Helvetica,sans-serif,Verdana; font-size: 12px; font-size-adjust: none; font-stretch: normal; font-style: normal; font-variant: normal; font-weight: 400; line-height: 17.33px;\"><tr class=\"firstRow\" style=\"border-collapse: collapse; border-spacing: 0px 0px; color: rgb(90, 90, 90); empty-cells: show; font-family: Arial,&amp;quot;宋体&amp;quot;,Helvetica,sans-serif,Verdana; font-size: 12px; font-size-adjust: none; font-stretch: normal; font-style: normal; font-variant: normal; font-weight: 400; line-height: 17.33px;\"><td width=\"586\" style=\"border-collapse: collapse; color: rgb(90, 90, 90); font-family: Arial,&amp;quot;宋体&amp;quot;,Helvetica,sans-serif,Verdana; font-size: 12px; font-size-adjust: none; font-stretch: normal; font-style: normal; font-variant: normal; font-weight: 400; line-height: 17.33px;\" colspan=\"2\">产品参数			</td>\r\n		</tr>\r\n		<tr style=\"border-collapse: collapse; border-spacing: 0px 0px; color: rgb(90, 90, 90); empty-cells: show; font-family: Arial,&amp;quot;宋体&amp;quot;,Helvetica,sans-serif,Verdana; font-size: 12px; font-size-adjust: none; font-stretch: normal; font-style: normal; font-variant: normal; font-weight: 400; line-height: 17.33px;\">\r\n			<td style=\"border-collapse: collapse; color: rgb(90, 90, 90); font-family: Arial,&amp;quot;宋体&amp;quot;,Helvetica,sans-serif,Verdana; font-size: 12px; font-size-adjust: none; font-stretch: normal; font-style: normal; font-variant: normal; font-weight: 400; line-height: 17.33px;\">\r\n				风格:			</td>\r\n			<td style=\"border-collapse: collapse; color: rgb(90, 90, 90); font-family: Arial,&amp;quot;宋体&amp;quot;,Helvetica,sans-serif,Verdana; font-size: 12px; font-size-adjust: none; font-stretch: normal; font-style: normal; font-variant: normal; font-weight: 400; line-height: 17.33px;\">\r\n				韩版			</td>\r\n		</tr>\r\n		<tr style=\"border-collapse: collapse; border-spacing: 0px 0px; color: rgb(90, 90, 90); empty-cells: show; font-family: Arial,&amp;quot;宋体&amp;quot;,Helvetica,sans-serif,Verdana; font-size: 12px; font-size-adjust: none; font-stretch: normal; font-style: normal; font-variant: normal; font-weight: 400; line-height: 17.33px;\">\r\n			<td style=\"border-collapse: collapse; color: rgb(90, 90, 90); font-family: Arial,&amp;quot;宋体&amp;quot;,Helvetica,sans-serif,Verdana; font-size: 12px; font-size-adjust: none; font-stretch: normal; font-style: normal; font-variant: normal; font-weight: 400; line-height: 17.33px;\">\r\n				流行元素：			</td>\r\n			<td style=\"border-collapse: collapse; color: rgb(90, 90, 90); font-family: Arial,&amp;quot;宋体&amp;quot;,Helvetica,sans-serif,Verdana; font-size: 12px; font-size-adjust: none; font-stretch: normal; font-style: normal; font-variant: normal; font-weight: 400; line-height: 17.33px;\">\r\n				拼接			</td>\r\n		</tr>\r\n		<tr style=\"border-collapse: collapse; border-spacing: 0px 0px; color: rgb(90, 90, 90); empty-cells: show; font-family: Arial,&amp;quot;宋体&amp;quot;,Helvetica,sans-serif,Verdana; font-size: 12px; font-size-adjust: none; font-stretch: normal; font-style: normal; font-variant: normal; font-weight: 400; line-height: 17.33px;\">\r\n			<td style=\"border-collapse: collapse; color: rgb(90, 90, 90); font-family: Arial,&amp;quot;宋体&amp;quot;,Helvetica,sans-serif,Verdana; font-size: 12px; font-size-adjust: none; font-stretch: normal; font-style: normal; font-variant: normal; font-weight: 400; line-height: 17.33px;\">\r\n				服装版型：			</td>\r\n			<td style=\"border-collapse: collapse; color: rgb(90, 90, 90); font-family: Arial,&amp;quot;宋体&amp;quot;,Helvetica,sans-serif,Verdana; font-size: 12px; font-size-adjust: none; font-stretch: normal; font-style: normal; font-variant: normal; font-weight: 400; line-height: 17.33px;\">\r\n				修身			</td>\r\n		</tr>\r\n		<tr style=\"border-collapse: collapse; border-spacing: 0px 0px; color: rgb(90, 90, 90); empty-cells: show; font-family: Arial,&amp;quot;宋体&amp;quot;,Helvetica,sans-serif,Verdana; font-size: 12px; font-size-adjust: none; font-stretch: normal; font-style: normal; font-variant: normal; font-weight: 400; line-height: 17.33px;\">\r\n			<td style=\"border-collapse: collapse; color: rgb(90, 90, 90); font-family: Arial,&amp;quot;宋体&amp;quot;,Helvetica,sans-serif,Verdana; font-size: 12px; font-size-adjust: none; font-stretch: normal; font-style: normal; font-variant: normal; font-weight: 400; line-height: 17.33px;\">\r\n				衣长：			</td>\r\n			<td style=\"border-collapse: collapse; color: rgb(90, 90, 90); font-family: Arial,&amp;quot;宋体&amp;quot;,Helvetica,sans-serif,Verdana; font-size: 12px; font-size-adjust: none; font-stretch: normal; font-style: normal; font-variant: normal; font-weight: 400; line-height: 17.33px;\">\r\n				长款			</td>\r\n		</tr>\r\n		<tr style=\"border-collapse: collapse; border-spacing: 0px 0px; color: rgb(90, 90, 90); empty-cells: show; font-family: Arial,&amp;quot;宋体&amp;quot;,Helvetica,sans-serif,Verdana; font-size: 12px; font-size-adjust: none; font-stretch: normal; font-style: normal; font-variant: normal; font-weight: 400; line-height: 17.33px;\">\r\n			<td style=\"border-collapse: collapse; color: rgb(90, 90, 90); font-family: Arial,&amp;quot;宋体&amp;quot;,Helvetica,sans-serif,Verdana; font-size: 12px; font-size-adjust: none; font-stretch: normal; font-style: normal; font-variant: normal; font-weight: 400; line-height: 17.33px;\">\r\n				袖长：			</td>\r\n			<td style=\"border-collapse: collapse; color: rgb(90, 90, 90); font-family: Arial,&amp;quot;宋体&amp;quot;,Helvetica,sans-serif,Verdana; font-size: 12px; font-size-adjust: none; font-stretch: normal; font-style: normal; font-variant: normal; font-weight: 400; line-height: 17.33px;\">\r\n				长袖			</td>\r\n		</tr>\r\n		<tr style=\"border-collapse: collapse; border-spacing: 0px 0px; color: rgb(90, 90, 90); empty-cells: show; font-family: Arial,&amp;quot;宋体&amp;quot;,Helvetica,sans-serif,Verdana; font-size: 12px; font-size-adjust: none; font-stretch: normal; font-style: normal; font-variant: normal; font-weight: 400; line-height: 17.33px;\">\r\n			<td style=\"border-collapse: collapse; color: rgb(90, 90, 90); font-family: Arial,&amp;quot;宋体&amp;quot;,Helvetica,sans-serif,Verdana; font-size: 12px; font-size-adjust: none; font-stretch: normal; font-style: normal; font-variant: normal; font-weight: 400; line-height: 17.33px;\">\r\n				领型：			</td>\r\n			<td style=\"border-collapse: collapse; color: rgb(90, 90, 90); font-family: Arial,&amp;quot;宋体&amp;quot;,Helvetica,sans-serif,Verdana; font-size: 12px; font-size-adjust: none; font-stretch: normal; font-style: normal; font-variant: normal; font-weight: 400; line-height: 17.33px;\">\r\n				V领			</td>\r\n		</tr>\r\n		<tr style=\"border-collapse: collapse; border-spacing: 0px 0px; color: rgb(90, 90, 90); empty-cells: show; font-family: Arial,&amp;quot;宋体&amp;quot;,Helvetica,sans-serif,Verdana; font-size: 12px; font-size-adjust: none; font-stretch: normal; font-style: normal; font-variant: normal; font-weight: 400; line-height: 17.33px;\">\r\n			<td style=\"border-collapse: collapse; color: rgb(90, 90, 90); font-family: Arial,&amp;quot;宋体&amp;quot;,Helvetica,sans-serif,Verdana; font-size: 12px; font-size-adjust: none; font-stretch: normal; font-style: normal; font-variant: normal; font-weight: 400; line-height: 17.33px;\">\r\n				袖型：			</td>\r\n			<td style=\"border-collapse: collapse; color: rgb(90, 90, 90); font-family: Arial,&amp;quot;宋体&amp;quot;,Helvetica,sans-serif,Verdana; font-size: 12px; font-size-adjust: none; font-stretch: normal; font-style: normal; font-variant: normal; font-weight: 400; line-height: 17.33px;\">\r\n				常规			</td>\r\n		</tr>\r\n		<tr style=\"border-collapse: collapse; border-spacing: 0px 0px; color: rgb(90, 90, 90); empty-cells: show; font-family: Arial,&amp;quot;宋体&amp;quot;,Helvetica,sans-serif,Verdana; font-size: 12px; font-size-adjust: none; font-stretch: normal; font-style: normal; font-variant: normal; font-weight: 400; line-height: 17.33px;\">\r\n			<td style=\"border-collapse: collapse; color: rgb(90, 90, 90); font-family: Arial,&amp;quot;宋体&amp;quot;,Helvetica,sans-serif,Verdana; font-size: 12px; font-size-adjust: none; font-stretch: normal; font-style: normal; font-variant: normal; font-weight: 400; line-height: 17.33px;\">\r\n				衣门襟：			</td>\r\n			<td style=\"border-collapse: collapse; color: rgb(90, 90, 90); font-family: Arial,&amp;quot;宋体&amp;quot;,Helvetica,sans-serif,Verdana; font-size: 12px; font-size-adjust: none; font-stretch: normal; font-style: normal; font-variant: normal; font-weight: 400; line-height: 17.33px;\">\r\n				勾扣			</td>\r\n		</tr>\r\n		<tr style=\"border-collapse: collapse; border-spacing: 0px 0px; color: rgb(90, 90, 90); empty-cells: show; font-family: Arial,&amp;quot;宋体&amp;quot;,Helvetica,sans-serif,Verdana; font-size: 12px; font-size-adjust: none; font-stretch: normal; font-style: normal; font-variant: normal; font-weight: 400; line-height: 17.33px;\">\r\n			<td style=\"border-collapse: collapse; color: rgb(90, 90, 90); font-family: Arial,&amp;quot;宋体&amp;quot;,Helvetica,sans-serif,Verdana; font-size: 12px; font-size-adjust: none; font-stretch: normal; font-style: normal; font-variant: normal; font-weight: 400; line-height: 17.33px;\">\r\n				质地：			</td>\r\n			<td style=\"border-collapse: collapse; color: rgb(90, 90, 90); font-family: Arial,&amp;quot;宋体&amp;quot;,Helvetica,sans-serif,Verdana; font-size: 12px; font-size-adjust: none; font-stretch: normal; font-style: normal; font-variant: normal; font-weight: 400; line-height: 17.33px;\">\r\n				皮草			</td>\r\n		</tr>\r\n		<tr style=\"border-collapse: collapse; border-spacing: 0px 0px; color: rgb(90, 90, 90); empty-cells: show; font-family: Arial,&amp;quot;宋体&amp;quot;,Helvetica,sans-serif,Verdana; font-size: 12px; font-size-adjust: none; font-stretch: normal; font-style: normal; font-variant: normal; font-weight: 400; line-height: 17.33px;\">\r\n			<td style=\"border-collapse: collapse; color: rgb(90, 90, 90); font-family: Arial,&amp;quot;宋体&amp;quot;,Helvetica,sans-serif,Verdana; font-size: 12px; font-size-adjust: none; font-stretch: normal; font-style: normal; font-variant: normal; font-weight: 400; line-height: 17.33px;\">\r\n				材质成分：			</td>\r\n			<td style=\"border-collapse: collapse; color: rgb(90, 90, 90); font-family: Arial,&amp;quot;宋体&amp;quot;,Helvetica,sans-serif,Verdana; font-size: 12px; font-size-adjust: none; font-stretch: normal; font-style: normal; font-variant: normal; font-weight: 400; line-height: 17.33px;\">\r\n				水貂毛皮+羊绒面料+里料100%聚酯纤维			</td>\r\n		</tr>\r\n	</tbody></table><p><span style=\"display: inline !important; float: none; background-color: transparent; color: rgb(51, 51, 51); font-family: &quot;Microsoft YaHei&quot;; font-size: 14px; font-style: normal; font-variant: normal; font-weight: 400; letter-spacing: normal; line-height: 20px; orphans: 2; text-align: left; text-decoration: none; text-indent: 0px; text-transform: none; -webkit-text-stroke-width: 0px; word-spacing: 0px;\"></span></p><hr/><p><span style=\"display: inline !important; float: none; background-color: transparent; color: rgb(51, 51, 51); font-family: &quot;Microsoft YaHei&quot;; font-size: 14px; font-style: normal; font-variant: normal; font-weight: 400; letter-spacing: normal; line-height: 20px; orphans: 2; text-align: left; text-decoration: none; text-indent: 0px; text-transform: none; -webkit-text-stroke-width: 0px; word-spacing: 0px;\"></span></p><table width=\"504\">\r\n	<tbody style=\"border-collapse: collapse; border-spacing: 0px 0px; color: rgb(90, 90, 90); empty-cells: show; font-family: Arial,&amp;quot;宋体&amp;quot;,Helvetica,sans-serif,Verdana; font-size: 12px; font-size-adjust: none; font-stretch: normal; font-style: normal; font-variant: normal; font-weight: 400; line-height: 17.33px;\">\r\n		<tr class=\"firstRow\" style=\"border-collapse: collapse; border-spacing: 0px 0px; color: rgb(90, 90, 90); empty-cells: show; font-family: Arial,&amp;quot;宋体&amp;quot;,Helvetica,sans-serif,Verdana; font-size: 12px; font-size-adjust: none; font-stretch: normal; font-style: normal; font-variant: normal; font-weight: 400; line-height: 17.33px;\">\r\n			<td width=\"504\" style=\"border-collapse: collapse; color: rgb(90, 90, 90); font-family: Arial,&amp;quot;宋体&amp;quot;,Helvetica,sans-serif,Verdana; font-size: 12px; font-size-adjust: none; font-stretch: normal; font-style: normal; font-variant: normal; font-weight: 400; line-height: 17.33px;\" colspan=\"7\">\r\n				尺码参考			</td>\r\n		</tr>\r\n		<tr style=\"border-collapse: collapse; border-spacing: 0px 0px; color: rgb(90, 90, 90); empty-cells: show; font-family: Arial,&amp;quot;宋体&amp;quot;,Helvetica,sans-serif,Verdana; font-size: 12px; font-size-adjust: none; font-stretch: normal; font-style: normal; font-variant: normal; font-weight: 400; line-height: 17.33px;\">\r\n			<td style=\"border-collapse: collapse; color: rgb(90, 90, 90); font-family: Arial,&amp;quot;宋体&amp;quot;,Helvetica,sans-serif,Verdana; font-size: 12px; font-size-adjust: none; font-stretch: normal; font-style: normal; font-variant: normal; font-weight: 400; line-height: 17.33px;\">\r\n				上衣尺码			</td>\r\n			<td style=\"border-collapse: collapse; color: rgb(90, 90, 90); font-family: Arial,&amp;quot;宋体&amp;quot;,Helvetica,sans-serif,Verdana; font-size: 12px; font-size-adjust: none; font-stretch: normal; font-style: normal; font-variant: normal; font-weight: 400; line-height: 17.33px;\">\r\n				衣长			</td>\r\n			<td style=\"border-collapse: collapse; color: rgb(90, 90, 90); font-family: Arial,&amp;quot;宋体&amp;quot;,Helvetica,sans-serif,Verdana; font-size: 12px; font-size-adjust: none; font-stretch: normal; font-style: normal; font-variant: normal; font-weight: 400; line-height: 17.33px;\">\r\n				肩宽			</td>\r\n			<td style=\"border-collapse: collapse; color: rgb(90, 90, 90); font-family: Arial,&amp;quot;宋体&amp;quot;,Helvetica,sans-serif,Verdana; font-size: 12px; font-size-adjust: none; font-stretch: normal; font-style: normal; font-variant: normal; font-weight: 400; line-height: 17.33px;\">\r\n				胸围			</td>\r\n			<td style=\"border-collapse: collapse; color: rgb(90, 90, 90); font-family: Arial,&amp;quot;宋体&amp;quot;,Helvetica,sans-serif,Verdana; font-size: 12px; font-size-adjust: none; font-stretch: normal; font-style: normal; font-variant: normal; font-weight: 400; line-height: 17.33px;\">\r\n				袖长			</td>\r\n			<td style=\"border-collapse: collapse; color: rgb(90, 90, 90); font-family: Arial,&amp;quot;宋体&amp;quot;,Helvetica,sans-serif,Verdana; font-size: 12px; font-size-adjust: none; font-stretch: normal; font-style: normal; font-variant: normal; font-weight: 400; line-height: 17.33px;\">\r\n				腰围			</td>\r\n			<td style=\"border-collapse: collapse; color: rgb(90, 90, 90); font-family: Arial,&amp;quot;宋体&amp;quot;,Helvetica,sans-serif,Verdana; font-size: 12px; font-size-adjust: none; font-stretch: normal; font-style: normal; font-variant: normal; font-weight: 400; line-height: 17.33px;\">\r\n				适合身高			</td>\r\n		</tr>\r\n		<tr style=\"border-collapse: collapse; border-spacing: 0px 0px; color: rgb(90, 90, 90); empty-cells: show; font-family: Arial,&amp;quot;宋体&amp;quot;,Helvetica,sans-serif,Verdana; font-size: 12px; font-size-adjust: none; font-stretch: normal; font-style: normal; font-variant: normal; font-weight: 400; line-height: 17.33px;\">\r\n			<td style=\"border-collapse: collapse; color: rgb(90, 90, 90); font-family: Arial,&amp;quot;宋体&amp;quot;,Helvetica,sans-serif,Verdana; font-size: 12px; font-size-adjust: none; font-stretch: normal; font-style: normal; font-variant: normal; font-weight: 400; line-height: 17.33px;\">\r\n				XS			</td>\r\n			<td style=\"border-collapse: collapse; color: rgb(90, 90, 90); font-family: Arial,&amp;quot;宋体&amp;quot;,Helvetica,sans-serif,Verdana; font-size: 12px; font-size-adjust: none; font-stretch: normal; font-style: normal; font-variant: normal; font-weight: 400; line-height: 17.33px;\">\r\n				108			</td>\r\n			<td style=\"border-collapse: collapse; color: rgb(90, 90, 90); font-family: Arial,&amp;quot;宋体&amp;quot;,Helvetica,sans-serif,Verdana; font-size: 12px; font-size-adjust: none; font-stretch: normal; font-style: normal; font-variant: normal; font-weight: 400; line-height: 17.33px;\">\r\n				46			</td>\r\n			<td style=\"border-collapse: collapse; color: rgb(90, 90, 90); font-family: Arial,&amp;quot;宋体&amp;quot;,Helvetica,sans-serif,Verdana; font-size: 12px; font-size-adjust: none; font-stretch: normal; font-style: normal; font-variant: normal; font-weight: 400; line-height: 17.33px;\">\r\n				94			</td>\r\n			<td style=\"border-collapse: collapse; color: rgb(90, 90, 90); font-family: Arial,&amp;quot;宋体&amp;quot;,Helvetica,sans-serif,Verdana; font-size: 12px; font-size-adjust: none; font-stretch: normal; font-style: normal; font-variant: normal; font-weight: 400; line-height: 17.33px;\">\r\n				48			</td>\r\n			<td style=\"border-collapse: collapse; color: rgb(90, 90, 90); font-family: Arial,&amp;quot;宋体&amp;quot;,Helvetica,sans-serif,Verdana; font-size: 12px; font-size-adjust: none; font-stretch: normal; font-style: normal; font-variant: normal; font-weight: 400; line-height: 17.33px;\">\r\n				92			</td>\r\n			<td style=\"border-collapse: collapse; color: rgb(90, 90, 90); font-family: Arial,&amp;quot;宋体&amp;quot;,Helvetica,sans-serif,Verdana; font-size: 12px; font-size-adjust: none; font-stretch: normal; font-style: normal; font-variant: normal; font-weight: 400; line-height: 17.33px;\">\r\n				153/158			</td>\r\n		</tr>\r\n		<tr style=\"border-collapse: collapse; border-spacing: 0px 0px; color: rgb(90, 90, 90); empty-cells: show; font-family: Arial,&amp;quot;宋体&amp;quot;,Helvetica,sans-serif,Verdana; font-size: 12px; font-size-adjust: none; font-stretch: normal; font-style: normal; font-variant: normal; font-weight: 400; line-height: 17.33px;\">\r\n			<td style=\"border-collapse: collapse; color: rgb(90, 90, 90); font-family: Arial,&amp;quot;宋体&amp;quot;,Helvetica,sans-serif,Verdana; font-size: 12px; font-size-adjust: none; font-stretch: normal; font-style: normal; font-variant: normal; font-weight: 400; line-height: 17.33px;\">\r\n				S			</td>\r\n			<td style=\"border-collapse: collapse; color: rgb(90, 90, 90); font-family: Arial,&amp;quot;宋体&amp;quot;,Helvetica,sans-serif,Verdana; font-size: 12px; font-size-adjust: none; font-stretch: normal; font-style: normal; font-variant: normal; font-weight: 400; line-height: 17.33px;\">\r\n				109			</td>\r\n			<td style=\"border-collapse: collapse; color: rgb(90, 90, 90); font-family: Arial,&amp;quot;宋体&amp;quot;,Helvetica,sans-serif,Verdana; font-size: 12px; font-size-adjust: none; font-stretch: normal; font-style: normal; font-variant: normal; font-weight: 400; line-height: 17.33px;\">\r\n				47			</td>\r\n			<td style=\"border-collapse: collapse; color: rgb(90, 90, 90); font-family: Arial,&amp;quot;宋体&amp;quot;,Helvetica,sans-serif,Verdana; font-size: 12px; font-size-adjust: none; font-stretch: normal; font-style: normal; font-variant: normal; font-weight: 400; line-height: 17.33px;\">\r\n				98			</td>\r\n			<td style=\"border-collapse: collapse; color: rgb(90, 90, 90); font-family: Arial,&amp;quot;宋体&amp;quot;,Helvetica,sans-serif,Verdana; font-size: 12px; font-size-adjust: none; font-stretch: normal; font-style: normal; font-variant: normal; font-weight: 400; line-height: 17.33px;\">\r\n				49			</td>\r\n			<td style=\"border-collapse: collapse; color: rgb(90, 90, 90); font-family: Arial,&amp;quot;宋体&amp;quot;,Helvetica,sans-serif,Verdana; font-size: 12px; font-size-adjust: none; font-stretch: normal; font-style: normal; font-variant: normal; font-weight: 400; line-height: 17.33px;\">\r\n				96			</td>\r\n			<td style=\"border-collapse: collapse; color: rgb(90, 90, 90); font-family: Arial,&amp;quot;宋体&amp;quot;,Helvetica,sans-serif,Verdana; font-size: 12px; font-size-adjust: none; font-stretch: normal; font-style: normal; font-variant: normal; font-weight: 400; line-height: 17.33px;\">\r\n				159/164			</td>\r\n		</tr>\r\n		<tr style=\"border-collapse: collapse; border-spacing: 0px 0px; color: rgb(90, 90, 90); empty-cells: show; font-family: Arial,&amp;quot;宋体&amp;quot;,Helvetica,sans-serif,Verdana; font-size: 12px; font-size-adjust: none; font-stretch: normal; font-style: normal; font-variant: normal; font-weight: 400; line-height: 17.33px;\">\r\n			<td style=\"border-collapse: collapse; color: rgb(90, 90, 90); font-family: Arial,&amp;quot;宋体&amp;quot;,Helvetica,sans-serif,Verdana; font-size: 12px; font-size-adjust: none; font-stretch: normal; font-style: normal; font-variant: normal; font-weight: 400; line-height: 17.33px;\">\r\n				M			</td>\r\n			<td style=\"border-collapse: collapse; color: rgb(90, 90, 90); font-family: Arial,&amp;quot;宋体&amp;quot;,Helvetica,sans-serif,Verdana; font-size: 12px; font-size-adjust: none; font-stretch: normal; font-style: normal; font-variant: normal; font-weight: 400; line-height: 17.33px;\">\r\n				110			</td>\r\n			<td style=\"border-collapse: collapse; color: rgb(90, 90, 90); font-family: Arial,&amp;quot;宋体&amp;quot;,Helvetica,sans-serif,Verdana; font-size: 12px; font-size-adjust: none; font-stretch: normal; font-style: normal; font-variant: normal; font-weight: 400; line-height: 17.33px;\">\r\n				48			</td>\r\n			<td style=\"border-collapse: collapse; color: rgb(90, 90, 90); font-family: Arial,&amp;quot;宋体&amp;quot;,Helvetica,sans-serif,Verdana; font-size: 12px; font-size-adjust: none; font-stretch: normal; font-style: normal; font-variant: normal; font-weight: 400; line-height: 17.33px;\">\r\n				102			</td>\r\n			<td style=\"border-collapse: collapse; color: rgb(90, 90, 90); font-family: Arial,&amp;quot;宋体&amp;quot;,Helvetica,sans-serif,Verdana; font-size: 12px; font-size-adjust: none; font-stretch: normal; font-style: normal; font-variant: normal; font-weight: 400; line-height: 17.33px;\">\r\n				50			</td>\r\n			<td style=\"border-collapse: collapse; color: rgb(90, 90, 90); font-family: Arial,&amp;quot;宋体&amp;quot;,Helvetica,sans-serif,Verdana; font-size: 12px; font-size-adjust: none; font-stretch: normal; font-style: normal; font-variant: normal; font-weight: 400; line-height: 17.33px;\">\r\n				100			</td>\r\n			<td style=\"border-collapse: collapse; color: rgb(90, 90, 90); font-family: Arial,&amp;quot;宋体&amp;quot;,Helvetica,sans-serif,Verdana; font-size: 12px; font-size-adjust: none; font-stretch: normal; font-style: normal; font-variant: normal; font-weight: 400; line-height: 17.33px;\">\r\n				165/170			</td>\r\n		</tr>\r\n		<tr style=\"border-collapse: collapse; border-spacing: 0px 0px; color: rgb(90, 90, 90); empty-cells: show; font-family: Arial,&amp;quot;宋体&amp;quot;,Helvetica,sans-serif,Verdana; font-size: 12px; font-size-adjust: none; font-stretch: normal; font-style: normal; font-variant: normal; font-weight: 400; line-height: 17.33px;\">\r\n			<td style=\"border-collapse: collapse; color: rgb(90, 90, 90); font-family: Arial,&amp;quot;宋体&amp;quot;,Helvetica,sans-serif,Verdana; font-size: 12px; font-size-adjust: none; font-stretch: normal; font-style: normal; font-variant: normal; font-weight: 400; line-height: 17.33px;\">\r\n				L			</td>\r\n			<td style=\"border-collapse: collapse; color: rgb(90, 90, 90); font-family: Arial,&amp;quot;宋体&amp;quot;,Helvetica,sans-serif,Verdana; font-size: 12px; font-size-adjust: none; font-stretch: normal; font-style: normal; font-variant: normal; font-weight: 400; line-height: 17.33px;\">\r\n				111			</td>\r\n			<td style=\"border-collapse: collapse; color: rgb(90, 90, 90); font-family: Arial,&amp;quot;宋体&amp;quot;,Helvetica,sans-serif,Verdana; font-size: 12px; font-size-adjust: none; font-stretch: normal; font-style: normal; font-variant: normal; font-weight: 400; line-height: 17.33px;\">\r\n				49			</td>\r\n			<td style=\"border-collapse: collapse; color: rgb(90, 90, 90); font-family: Arial,&amp;quot;宋体&amp;quot;,Helvetica,sans-serif,Verdana; font-size: 12px; font-size-adjust: none; font-stretch: normal; font-style: normal; font-variant: normal; font-weight: 400; line-height: 17.33px;\">\r\n				106			</td>\r\n			<td style=\"border-collapse: collapse; color: rgb(90, 90, 90); font-family: Arial,&amp;quot;宋体&amp;quot;,Helvetica,sans-serif,Verdana; font-size: 12px; font-size-adjust: none; font-stretch: normal; font-style: normal; font-variant: normal; font-weight: 400; line-height: 17.33px;\">\r\n				51			</td>\r\n			<td style=\"border-collapse: collapse; color: rgb(90, 90, 90); font-family: Arial,&amp;quot;宋体&amp;quot;,Helvetica,sans-serif,Verdana; font-size: 12px; font-size-adjust: none; font-stretch: normal; font-style: normal; font-variant: normal; font-weight: 400; line-height: 17.33px;\">\r\n				104			</td>\r\n			<td style=\"border-collapse: collapse; color: rgb(90, 90, 90); font-family: Arial,&amp;quot;宋体&amp;quot;,Helvetica,sans-serif,Verdana; font-size: 12px; font-size-adjust: none; font-stretch: normal; font-style: normal; font-variant: normal; font-weight: 400; line-height: 17.33px;\">\r\n				169/174			</td>\r\n		</tr>\r\n		<tr style=\"border-collapse: collapse; border-spacing: 0px 0px; color: rgb(90, 90, 90); empty-cells: show; font-family: Arial,&amp;quot;宋体&amp;quot;,Helvetica,sans-serif,Verdana; font-size: 12px; font-size-adjust: none; font-stretch: normal; font-style: normal; font-variant: normal; font-weight: 400; line-height: 17.33px;\">\r\n			<td style=\"border-collapse: collapse; color: rgb(90, 90, 90); font-family: Arial,&amp;quot;宋体&amp;quot;,Helvetica,sans-serif,Verdana; font-size: 12px; font-size-adjust: none; font-stretch: normal; font-style: normal; font-variant: normal; font-weight: 400; line-height: 17.33px;\">\r\n				XL			</td>\r\n			<td style=\"border-collapse: collapse; color: rgb(90, 90, 90); font-family: Arial,&amp;quot;宋体&amp;quot;,Helvetica,sans-serif,Verdana; font-size: 12px; font-size-adjust: none; font-stretch: normal; font-style: normal; font-variant: normal; font-weight: 400; line-height: 17.33px;\">\r\n				112			</td>\r\n			<td style=\"border-collapse: collapse; color: rgb(90, 90, 90); font-family: Arial,&amp;quot;宋体&amp;quot;,Helvetica,sans-serif,Verdana; font-size: 12px; font-size-adjust: none; font-stretch: normal; font-style: normal; font-variant: normal; font-weight: 400; line-height: 17.33px;\">\r\n				50			</td>\r\n			<td style=\"border-collapse: collapse; color: rgb(90, 90, 90); font-family: Arial,&amp;quot;宋体&amp;quot;,Helvetica,sans-serif,Verdana; font-size: 12px; font-size-adjust: none; font-stretch: normal; font-style: normal; font-variant: normal; font-weight: 400; line-height: 17.33px;\">\r\n				110			</td>\r\n			<td style=\"border-collapse: collapse; color: rgb(90, 90, 90); font-family: Arial,&amp;quot;宋体&amp;quot;,Helvetica,sans-serif,Verdana; font-size: 12px; font-size-adjust: none; font-stretch: normal; font-style: normal; font-variant: normal; font-weight: 400; line-height: 17.33px;\">\r\n				52			</td>\r\n			<td style=\"border-collapse: collapse; color: rgb(90, 90, 90); font-family: Arial,&amp;quot;宋体&amp;quot;,Helvetica,sans-serif,Verdana; font-size: 12px; font-size-adjust: none; font-stretch: normal; font-style: normal; font-variant: normal; font-weight: 400; line-height: 17.33px;\">\r\n				110			</td>\r\n			<td style=\"border-collapse: collapse; color: rgb(90, 90, 90); font-family: Arial,&amp;quot;宋体&amp;quot;,Helvetica,sans-serif,Verdana; font-size: 12px; font-size-adjust: none; font-stretch: normal; font-style: normal; font-variant: normal; font-weight: 400; line-height: 17.33px;\">\r\n				173/177			</td>\r\n		</tr>\r\n	</tbody></table><p><span style=\"display: inline !important; float: none; background-color: transparent; color: rgb(51, 51, 51); font-family: &quot;Microsoft YaHei&quot;; font-size: 14px; font-style: normal; font-variant: normal; font-weight: 400; letter-spacing: normal; line-height: 20px; orphans: 2; text-align: left; text-decoration: none; text-indent: 0px; text-transform: none; -webkit-text-stroke-width: 0px; word-spacing: 0px;\"></span></p><hr/><p><span style=\"display: inline !important; float: none; background-color: transparent; color: rgb(51, 51, 51); font-family: &quot;Microsoft YaHei&quot;; font-size: 14px; font-style: normal; font-variant: normal; font-weight: 400; letter-spacing: normal; line-height: 20px; orphans: 2; text-align: left; text-decoration: none; text-indent: 0px; text-transform: none; -webkit-text-stroke-width: 0px; word-spacing: 0px;\"></span><img width=\"800\" height=\"800\" alt=\"\" src=\"http://pro7c4158.pic31.websiteonline.cn/upload/hzx-t1834(1)_g6g2.jpg\"/><img width=\"800\" height=\"800\" alt=\"\" src=\"http://pro7c4158.pic31.websiteonline.cn/upload/hzx-t1834(2)_53gy.jpg\"/><img width=\"800\" height=\"800\" alt=\"\" src=\"http://pro7c4158.pic31.websiteonline.cn/upload/hzx-t1834(3)_xcci.jpg\"/><img width=\"800\" height=\"800\" alt=\"\" src=\"http://pro7c4158.pic31.websiteonline.cn/upload/hzx-t1834(4)_bx06.jpg\"/><img width=\"800\" height=\"800\" alt=\"\" src=\"http://pro7c4158.pic31.websiteonline.cn/upload/hzx-t1834(5)_yu3e.jpg\"/><br/><span style=\"display: inline !important; float: none; background-color: transparent; color: rgb(51, 51, 51); font-family: &quot;Microsoft YaHei&quot;; font-size: 14px; font-style: normal; font-variant: normal; font-weight: 400; letter-spacing: normal; line-height: 20px; orphans: 2; text-align: left; text-decoration: none; text-indent: 0px; text-transform: none; -webkit-text-stroke-width: 0px; word-spacing: 0px;\"></span></p><hr/><p><span style=\"display: inline !important; float: none; background-color: transparent; color: rgb(51, 51, 51); font-family: &quot;Microsoft YaHei&quot;; font-size: 14px; font-style: normal; font-variant: normal; font-weight: 400; letter-spacing: normal; line-height: 20px; orphans: 2; text-align: left; text-decoration: none; text-indent: 0px; text-transform: none; -webkit-text-stroke-width: 0px; word-spacing: 0px;\"></span><strong style=\"background-color: transparent; color: rgb(51, 51, 51); font-family: &amp;quot;Microsoft YaHei&amp;quot;; font-size: 14px; font-style: normal; font-variant: normal; font-weight: 700; letter-spacing: normal; line-height: 20px; margin-bottom: 0px; margin-left: 0px; margin-right: 0px; margin-top: 0px; orphans: 2; overflow: visible; padding-bottom: 0px; padding-left: 0px; padding-right: 0px; padding-top: 0px; text-align: left; text-decoration: none; text-indent: 0px; text-transform: none; -webkit-text-stroke-width: 0px; white-space: normal; word-spacing: 0px;\"><span style=\"background-color: rgb(255, 255, 255); color: rgb(51, 51, 51); font-family: &amp;quot;Microsoft YaHei&amp;quot;; font-size: 24px; font-style: normal; font-weight: 400; line-height: 33.6px; margin-bottom: 0px; margin-left: 0px; margin-right: 0px; margin-top: 0px; padding-bottom: 0px; padding-left: 0px; padding-right: 0px; padding-top: 0px;\">细节展示</span></strong><br/><span style=\"display: inline !important; float: none; background-color: transparent; color: rgb(51, 51, 51); font-family: &quot;Microsoft YaHei&quot;; font-size: 14px; font-style: normal; font-variant: normal; font-weight: 400; letter-spacing: normal; line-height: 20px; orphans: 2; text-align: left; text-decoration: none; text-indent: 0px; text-transform: none; -webkit-text-stroke-width: 0px; word-spacing: 0px;\"></span></p><hr/><p><span style=\"display: inline !important; float: none; background-color: transparent; color: rgb(51, 51, 51); font-family: &quot;Microsoft YaHei&quot;; font-size: 14px; font-style: normal; font-variant: normal; font-weight: 400; letter-spacing: normal; line-height: 20px; orphans: 2; text-align: left; text-decoration: none; text-indent: 0px; text-transform: none; -webkit-text-stroke-width: 0px; word-spacing: 0px;\"></span><span style=\"background-color: transparent; color: rgb(51, 51, 51); font-family: &amp;quot;Microsoft YaHei&amp;quot;; font-size: 14px; font-style: normal; font-variant: normal; font-weight: 400; letter-spacing: normal; line-height: 20px; margin-bottom: 0px; margin-left: 0px; margin-right: 0px; margin-top: 0px; orphans: 2; padding-bottom: 0px; padding-left: 0px; padding-right: 0px; padding-top: 0px; text-align: left; text-decoration: none; text-indent: 0px; text-transform: none; -webkit-text-stroke-width: 0px; word-spacing: 0px;\"></span><img width=\"800\" height=\"800\" alt=\"\" src=\"http://pro7c4158.pic31.websiteonline.cn/upload/hzx-t1834(6)_p9jk.jpg\"/><span style=\"display: inline !important; float: none; background-color: transparent; color: rgb(51, 51, 51); font-family: &quot;Microsoft YaHei&quot;; font-size: 14px; font-style: normal; font-variant: normal; font-weight: 400; letter-spacing: normal; line-height: 20px; orphans: 2; text-align: left; text-decoration: none; text-indent: 0px; text-transform: none; -webkit-text-stroke-width: 0px; word-spacing: 0px;\"> </span></p><hr/><p><span style=\"display: inline !important; float: none; background-color: transparent; color: rgb(51, 51, 51); font-family: &quot;Microsoft YaHei&quot;; font-size: 14px; font-style: normal; font-variant: normal; font-weight: 400; letter-spacing: normal; line-height: 20px; orphans: 2; text-align: left; text-decoration: none; text-indent: 0px; text-transform: none; -webkit-text-stroke-width: 0px; word-spacing: 0px;\"></span><img width=\"800\" height=\"800\" alt=\"\" src=\"http://pro7c4158.pic31.websiteonline.cn/upload/hzx-t1834(7)_w4em.jpg\"/><span style=\"display: inline !important; float: none; background-color: transparent; color: rgb(51, 51, 51); font-family: &quot;Microsoft YaHei&quot;; font-size: 14px; font-style: normal; font-variant: normal; font-weight: 400; letter-spacing: normal; line-height: 20px; orphans: 2; text-align: left; text-decoration: none; text-indent: 0px; text-transform: none; -webkit-text-stroke-width: 0px; word-spacing: 0px;\"> </span></p><hr/><p><span style=\"display: inline !important; float: none; background-color: transparent; color: rgb(51, 51, 51); font-family: &quot;Microsoft YaHei&quot;; font-size: 14px; font-style: normal; font-variant: normal; font-weight: 400; letter-spacing: normal; line-height: 20px; orphans: 2; text-align: left; text-decoration: none; text-indent: 0px; text-transform: none; -webkit-text-stroke-width: 0px; word-spacing: 0px;\"></span><img width=\"800\" height=\"800\" alt=\"\" src=\"http://pro7c4158.pic31.websiteonline.cn/upload/hzx-t1834(8)_pvv3.jpg\"/></p><p><br/></p>');
INSERT INTO `hui_productde` VALUES ('000003', '紫红色山羊毛休闲短衣/HZX-T1476', '<table width=\"586\"><tbody style=\"border-collapse: collapse; border-spacing: 0px 0px; color: rgb(90, 90, 90); empty-cells: show; font-family: Arial,&amp;quot;宋体&amp;quot;,Helvetica,sans-serif,Verdana; font-size: 12px; font-size-adjust: none; font-stretch: normal; font-style: normal; font-variant: normal; font-weight: 400; line-height: 17.33px;\"><tr class=\"firstRow\" style=\"border-collapse: collapse; border-spacing: 0px 0px; color: rgb(90, 90, 90); empty-cells: show; font-family: Arial,&amp;quot;宋体&amp;quot;,Helvetica,sans-serif,Verdana; font-size: 12px; font-size-adjust: none; font-stretch: normal; font-style: normal; font-variant: normal; font-weight: 400; line-height: 17.33px;\"><td width=\"586\" style=\"border-collapse: collapse; color: rgb(90, 90, 90); font-family: Arial,&amp;quot;宋体&amp;quot;,Helvetica,sans-serif,Verdana; font-size: 12px; font-size-adjust: none; font-stretch: normal; font-style: normal; font-variant: normal; font-weight: 400; line-height: 17.33px;\" colspan=\"2\">产品参数			</td>\r\n		</tr>\r\n		<tr style=\"border-collapse: collapse; border-spacing: 0px 0px; color: rgb(90, 90, 90); empty-cells: show; font-family: Arial,&amp;quot;宋体&amp;quot;,Helvetica,sans-serif,Verdana; font-size: 12px; font-size-adjust: none; font-stretch: normal; font-style: normal; font-variant: normal; font-weight: 400; line-height: 17.33px;\">\r\n			<td style=\"border-collapse: collapse; color: rgb(90, 90, 90); font-family: Arial,&amp;quot;宋体&amp;quot;,Helvetica,sans-serif,Verdana; font-size: 12px; font-size-adjust: none; font-stretch: normal; font-style: normal; font-variant: normal; font-weight: 400; line-height: 17.33px;\">\r\n				风格:			</td>\r\n			<td style=\"border-collapse: collapse; color: rgb(90, 90, 90); font-family: Arial,&amp;quot;宋体&amp;quot;,Helvetica,sans-serif,Verdana; font-size: 12px; font-size-adjust: none; font-stretch: normal; font-style: normal; font-variant: normal; font-weight: 400; line-height: 17.33px;\">\r\n				韩版			</td>\r\n		</tr>\r\n		<tr style=\"border-collapse: collapse; border-spacing: 0px 0px; color: rgb(90, 90, 90); empty-cells: show; font-family: Arial,&amp;quot;宋体&amp;quot;,Helvetica,sans-serif,Verdana; font-size: 12px; font-size-adjust: none; font-stretch: normal; font-style: normal; font-variant: normal; font-weight: 400; line-height: 17.33px;\">\r\n			<td style=\"border-collapse: collapse; color: rgb(90, 90, 90); font-family: Arial,&amp;quot;宋体&amp;quot;,Helvetica,sans-serif,Verdana; font-size: 12px; font-size-adjust: none; font-stretch: normal; font-style: normal; font-variant: normal; font-weight: 400; line-height: 17.33px;\">\r\n				流行元素：			</td>\r\n			<td style=\"border-collapse: collapse; color: rgb(90, 90, 90); font-family: Arial,&amp;quot;宋体&amp;quot;,Helvetica,sans-serif,Verdana; font-size: 12px; font-size-adjust: none; font-stretch: normal; font-style: normal; font-variant: normal; font-weight: 400; line-height: 17.33px;\">\r\n				拼接			</td>\r\n		</tr>\r\n		<tr style=\"border-collapse: collapse; border-spacing: 0px 0px; color: rgb(90, 90, 90); empty-cells: show; font-family: Arial,&amp;quot;宋体&amp;quot;,Helvetica,sans-serif,Verdana; font-size: 12px; font-size-adjust: none; font-stretch: normal; font-style: normal; font-variant: normal; font-weight: 400; line-height: 17.33px;\">\r\n			<td style=\"border-collapse: collapse; color: rgb(90, 90, 90); font-family: Arial,&amp;quot;宋体&amp;quot;,Helvetica,sans-serif,Verdana; font-size: 12px; font-size-adjust: none; font-stretch: normal; font-style: normal; font-variant: normal; font-weight: 400; line-height: 17.33px;\">\r\n				服装版型：			</td>\r\n			<td style=\"border-collapse: collapse; color: rgb(90, 90, 90); font-family: Arial,&amp;quot;宋体&amp;quot;,Helvetica,sans-serif,Verdana; font-size: 12px; font-size-adjust: none; font-stretch: normal; font-style: normal; font-variant: normal; font-weight: 400; line-height: 17.33px;\">\r\n				修身			</td>\r\n		</tr>\r\n		<tr style=\"border-collapse: collapse; border-spacing: 0px 0px; color: rgb(90, 90, 90); empty-cells: show; font-family: Arial,&amp;quot;宋体&amp;quot;,Helvetica,sans-serif,Verdana; font-size: 12px; font-size-adjust: none; font-stretch: normal; font-style: normal; font-variant: normal; font-weight: 400; line-height: 17.33px;\">\r\n			<td style=\"border-collapse: collapse; color: rgb(90, 90, 90); font-family: Arial,&amp;quot;宋体&amp;quot;,Helvetica,sans-serif,Verdana; font-size: 12px; font-size-adjust: none; font-stretch: normal; font-style: normal; font-variant: normal; font-weight: 400; line-height: 17.33px;\">\r\n				衣长：			</td>\r\n			<td style=\"border-collapse: collapse; color: rgb(90, 90, 90); font-family: Arial,&amp;quot;宋体&amp;quot;,Helvetica,sans-serif,Verdana; font-size: 12px; font-size-adjust: none; font-stretch: normal; font-style: normal; font-variant: normal; font-weight: 400; line-height: 17.33px;\">\r\n				中长款			</td>\r\n		</tr>\r\n		<tr style=\"border-collapse: collapse; border-spacing: 0px 0px; color: rgb(90, 90, 90); empty-cells: show; font-family: Arial,&amp;quot;宋体&amp;quot;,Helvetica,sans-serif,Verdana; font-size: 12px; font-size-adjust: none; font-stretch: normal; font-style: normal; font-variant: normal; font-weight: 400; line-height: 17.33px;\">\r\n			<td style=\"border-collapse: collapse; color: rgb(90, 90, 90); font-family: Arial,&amp;quot;宋体&amp;quot;,Helvetica,sans-serif,Verdana; font-size: 12px; font-size-adjust: none; font-stretch: normal; font-style: normal; font-variant: normal; font-weight: 400; line-height: 17.33px;\">\r\n				袖长：			</td>\r\n			<td style=\"border-collapse: collapse; color: rgb(90, 90, 90); font-family: Arial,&amp;quot;宋体&amp;quot;,Helvetica,sans-serif,Verdana; font-size: 12px; font-size-adjust: none; font-stretch: normal; font-style: normal; font-variant: normal; font-weight: 400; line-height: 17.33px;\">\r\n				长袖			</td>\r\n		</tr>\r\n		<tr style=\"border-collapse: collapse; border-spacing: 0px 0px; color: rgb(90, 90, 90); empty-cells: show; font-family: Arial,&amp;quot;宋体&amp;quot;,Helvetica,sans-serif,Verdana; font-size: 12px; font-size-adjust: none; font-stretch: normal; font-style: normal; font-variant: normal; font-weight: 400; line-height: 17.33px;\">\r\n			<td style=\"border-collapse: collapse; color: rgb(90, 90, 90); font-family: Arial,&amp;quot;宋体&amp;quot;,Helvetica,sans-serif,Verdana; font-size: 12px; font-size-adjust: none; font-stretch: normal; font-style: normal; font-variant: normal; font-weight: 400; line-height: 17.33px;\">\r\n				领型：			</td>\r\n			<td style=\"border-collapse: collapse; color: rgb(90, 90, 90); font-family: Arial,&amp;quot;宋体&amp;quot;,Helvetica,sans-serif,Verdana; font-size: 12px; font-size-adjust: none; font-stretch: normal; font-style: normal; font-variant: normal; font-weight: 400; line-height: 17.33px;\">\r\n				西装领			</td>\r\n		</tr>\r\n		<tr style=\"border-collapse: collapse; border-spacing: 0px 0px; color: rgb(90, 90, 90); empty-cells: show; font-family: Arial,&amp;quot;宋体&amp;quot;,Helvetica,sans-serif,Verdana; font-size: 12px; font-size-adjust: none; font-stretch: normal; font-style: normal; font-variant: normal; font-weight: 400; line-height: 17.33px;\">\r\n			<td style=\"border-collapse: collapse; color: rgb(90, 90, 90); font-family: Arial,&amp;quot;宋体&amp;quot;,Helvetica,sans-serif,Verdana; font-size: 12px; font-size-adjust: none; font-stretch: normal; font-style: normal; font-variant: normal; font-weight: 400; line-height: 17.33px;\">\r\n				袖型：			</td>\r\n			<td style=\"border-collapse: collapse; color: rgb(90, 90, 90); font-family: Arial,&amp;quot;宋体&amp;quot;,Helvetica,sans-serif,Verdana; font-size: 12px; font-size-adjust: none; font-stretch: normal; font-style: normal; font-variant: normal; font-weight: 400; line-height: 17.33px;\">\r\n				常规			</td>\r\n		</tr>\r\n		<tr style=\"border-collapse: collapse; border-spacing: 0px 0px; color: rgb(90, 90, 90); empty-cells: show; font-family: Arial,&amp;quot;宋体&amp;quot;,Helvetica,sans-serif,Verdana; font-size: 12px; font-size-adjust: none; font-stretch: normal; font-style: normal; font-variant: normal; font-weight: 400; line-height: 17.33px;\">\r\n			<td style=\"border-collapse: collapse; color: rgb(90, 90, 90); font-family: Arial,&amp;quot;宋体&amp;quot;,Helvetica,sans-serif,Verdana; font-size: 12px; font-size-adjust: none; font-stretch: normal; font-style: normal; font-variant: normal; font-weight: 400; line-height: 17.33px;\">\r\n				衣门襟：			</td>\r\n			<td style=\"border-collapse: collapse; color: rgb(90, 90, 90); font-family: Arial,&amp;quot;宋体&amp;quot;,Helvetica,sans-serif,Verdana; font-size: 12px; font-size-adjust: none; font-stretch: normal; font-style: normal; font-variant: normal; font-weight: 400; line-height: 17.33px;\">\r\n				双排扣			</td>\r\n		</tr>\r\n		<tr style=\"border-collapse: collapse; border-spacing: 0px 0px; color: rgb(90, 90, 90); empty-cells: show; font-family: Arial,&amp;quot;宋体&amp;quot;,Helvetica,sans-serif,Verdana; font-size: 12px; font-size-adjust: none; font-stretch: normal; font-style: normal; font-variant: normal; font-weight: 400; line-height: 17.33px;\">\r\n			<td style=\"border-collapse: collapse; color: rgb(90, 90, 90); font-family: Arial,&amp;quot;宋体&amp;quot;,Helvetica,sans-serif,Verdana; font-size: 12px; font-size-adjust: none; font-stretch: normal; font-style: normal; font-variant: normal; font-weight: 400; line-height: 17.33px;\">\r\n				质地：			</td>\r\n			<td style=\"border-collapse: collapse; color: rgb(90, 90, 90); font-family: Arial,&amp;quot;宋体&amp;quot;,Helvetica,sans-serif,Verdana; font-size: 12px; font-size-adjust: none; font-stretch: normal; font-style: normal; font-variant: normal; font-weight: 400; line-height: 17.33px;\">\r\n				皮草			</td>\r\n		</tr>\r\n		<tr style=\"border-collapse: collapse; border-spacing: 0px 0px; color: rgb(90, 90, 90); empty-cells: show; font-family: Arial,&amp;quot;宋体&amp;quot;,Helvetica,sans-serif,Verdana; font-size: 12px; font-size-adjust: none; font-stretch: normal; font-style: normal; font-variant: normal; font-weight: 400; line-height: 17.33px;\">\r\n			<td style=\"border-collapse: collapse; color: rgb(90, 90, 90); font-family: Arial,&amp;quot;宋体&amp;quot;,Helvetica,sans-serif,Verdana; font-size: 12px; font-size-adjust: none; font-stretch: normal; font-style: normal; font-variant: normal; font-weight: 400; line-height: 17.33px;\">\r\n				材质成分：			</td>\r\n			<td style=\"border-collapse: collapse; color: rgb(90, 90, 90); font-family: Arial,&amp;quot;宋体&amp;quot;,Helvetica,sans-serif,Verdana; font-size: 12px; font-size-adjust: none; font-stretch: normal; font-style: normal; font-variant: normal; font-weight: 400; line-height: 17.33px;\">\r\n				羊毛皮			</td>\r\n		</tr>\r\n	</tbody></table><p><span style=\"display: inline !important; float: none; background-color: transparent; color: rgb(51, 51, 51); font-family: &quot;Microsoft YaHei&quot;; font-size: 14px; font-style: normal; font-variant: normal; font-weight: 400; letter-spacing: normal; line-height: 20px; orphans: 2; text-align: left; text-decoration: none; text-indent: 0px; text-transform: none; -webkit-text-stroke-width: 0px; word-spacing: 0px;\"></span></p><hr/><p><span style=\"display: inline !important; float: none; background-color: transparent; color: rgb(51, 51, 51); font-family: &quot;Microsoft YaHei&quot;; font-size: 14px; font-style: normal; font-variant: normal; font-weight: 400; letter-spacing: normal; line-height: 20px; orphans: 2; text-align: left; text-decoration: none; text-indent: 0px; text-transform: none; -webkit-text-stroke-width: 0px; word-spacing: 0px;\"></span></p><table width=\"504\">\r\n	<tbody style=\"border-collapse: collapse; border-spacing: 0px 0px; color: rgb(90, 90, 90); empty-cells: show; font-family: Arial,&amp;quot;宋体&amp;quot;,Helvetica,sans-serif,Verdana; font-size: 12px; font-size-adjust: none; font-stretch: normal; font-style: normal; font-variant: normal; font-weight: 400; line-height: 17.33px;\">\r\n		<tr class=\"firstRow\" style=\"border-collapse: collapse; border-spacing: 0px 0px; color: rgb(90, 90, 90); empty-cells: show; font-family: Arial,&amp;quot;宋体&amp;quot;,Helvetica,sans-serif,Verdana; font-size: 12px; font-size-adjust: none; font-stretch: normal; font-style: normal; font-variant: normal; font-weight: 400; line-height: 17.33px;\">\r\n			<td width=\"504\" style=\"border-collapse: collapse; color: rgb(90, 90, 90); font-family: Arial,&amp;quot;宋体&amp;quot;,Helvetica,sans-serif,Verdana; font-size: 12px; font-size-adjust: none; font-stretch: normal; font-style: normal; font-variant: normal; font-weight: 400; line-height: 17.33px;\" colspan=\"7\">\r\n				尺码参考			</td>\r\n		</tr>\r\n		<tr style=\"border-collapse: collapse; border-spacing: 0px 0px; color: rgb(90, 90, 90); empty-cells: show; font-family: Arial,&amp;quot;宋体&amp;quot;,Helvetica,sans-serif,Verdana; font-size: 12px; font-size-adjust: none; font-stretch: normal; font-style: normal; font-variant: normal; font-weight: 400; line-height: 17.33px;\">\r\n			<td style=\"border-collapse: collapse; color: rgb(90, 90, 90); font-family: Arial,&amp;quot;宋体&amp;quot;,Helvetica,sans-serif,Verdana; font-size: 12px; font-size-adjust: none; font-stretch: normal; font-style: normal; font-variant: normal; font-weight: 400; line-height: 17.33px;\">\r\n				上衣尺码			</td>\r\n			<td style=\"border-collapse: collapse; color: rgb(90, 90, 90); font-family: Arial,&amp;quot;宋体&amp;quot;,Helvetica,sans-serif,Verdana; font-size: 12px; font-size-adjust: none; font-stretch: normal; font-style: normal; font-variant: normal; font-weight: 400; line-height: 17.33px;\">\r\n				衣长			</td>\r\n			<td style=\"border-collapse: collapse; color: rgb(90, 90, 90); font-family: Arial,&amp;quot;宋体&amp;quot;,Helvetica,sans-serif,Verdana; font-size: 12px; font-size-adjust: none; font-stretch: normal; font-style: normal; font-variant: normal; font-weight: 400; line-height: 17.33px;\">\r\n				肩宽			</td>\r\n			<td style=\"border-collapse: collapse; color: rgb(90, 90, 90); font-family: Arial,&amp;quot;宋体&amp;quot;,Helvetica,sans-serif,Verdana; font-size: 12px; font-size-adjust: none; font-stretch: normal; font-style: normal; font-variant: normal; font-weight: 400; line-height: 17.33px;\">\r\n				胸围			</td>\r\n			<td style=\"border-collapse: collapse; color: rgb(90, 90, 90); font-family: Arial,&amp;quot;宋体&amp;quot;,Helvetica,sans-serif,Verdana; font-size: 12px; font-size-adjust: none; font-stretch: normal; font-style: normal; font-variant: normal; font-weight: 400; line-height: 17.33px;\">\r\n				袖长			</td>\r\n			<td style=\"border-collapse: collapse; color: rgb(90, 90, 90); font-family: Arial,&amp;quot;宋体&amp;quot;,Helvetica,sans-serif,Verdana; font-size: 12px; font-size-adjust: none; font-stretch: normal; font-style: normal; font-variant: normal; font-weight: 400; line-height: 17.33px;\">\r\n				腰围			</td>\r\n			<td style=\"border-collapse: collapse; color: rgb(90, 90, 90); font-family: Arial,&amp;quot;宋体&amp;quot;,Helvetica,sans-serif,Verdana; font-size: 12px; font-size-adjust: none; font-stretch: normal; font-style: normal; font-variant: normal; font-weight: 400; line-height: 17.33px;\">\r\n				适合身高			</td>\r\n		</tr>\r\n		<tr style=\"border-collapse: collapse; border-spacing: 0px 0px; color: rgb(90, 90, 90); empty-cells: show; font-family: Arial,&amp;quot;宋体&amp;quot;,Helvetica,sans-serif,Verdana; font-size: 12px; font-size-adjust: none; font-stretch: normal; font-style: normal; font-variant: normal; font-weight: 400; line-height: 17.33px;\">\r\n			<td style=\"border-collapse: collapse; color: rgb(90, 90, 90); font-family: Arial,&amp;quot;宋体&amp;quot;,Helvetica,sans-serif,Verdana; font-size: 12px; font-size-adjust: none; font-stretch: normal; font-style: normal; font-variant: normal; font-weight: 400; line-height: 17.33px;\">\r\n				XS			</td>\r\n			<td style=\"border-collapse: collapse; color: rgb(90, 90, 90); font-family: Arial,&amp;quot;宋体&amp;quot;,Helvetica,sans-serif,Verdana; font-size: 12px; font-size-adjust: none; font-stretch: normal; font-style: normal; font-variant: normal; font-weight: 400; line-height: 17.33px;\">\r\n				72			</td>\r\n			<td style=\"border-collapse: collapse; color: rgb(90, 90, 90); font-family: Arial,&amp;quot;宋体&amp;quot;,Helvetica,sans-serif,Verdana; font-size: 12px; font-size-adjust: none; font-stretch: normal; font-style: normal; font-variant: normal; font-weight: 400; line-height: 17.33px;\">\r\n				36			</td>\r\n			<td style=\"border-collapse: collapse; color: rgb(90, 90, 90); font-family: Arial,&amp;quot;宋体&amp;quot;,Helvetica,sans-serif,Verdana; font-size: 12px; font-size-adjust: none; font-stretch: normal; font-style: normal; font-variant: normal; font-weight: 400; line-height: 17.33px;\">\r\n				94			</td>\r\n			<td style=\"border-collapse: collapse; color: rgb(90, 90, 90); font-family: Arial,&amp;quot;宋体&amp;quot;,Helvetica,sans-serif,Verdana; font-size: 12px; font-size-adjust: none; font-stretch: normal; font-style: normal; font-variant: normal; font-weight: 400; line-height: 17.33px;\">\r\n				55			</td>\r\n			<td style=\"border-collapse: collapse; color: rgb(90, 90, 90); font-family: Arial,&amp;quot;宋体&amp;quot;,Helvetica,sans-serif,Verdana; font-size: 12px; font-size-adjust: none; font-stretch: normal; font-style: normal; font-variant: normal; font-weight: 400; line-height: 17.33px;\">\r\n				84			</td>\r\n			<td style=\"border-collapse: collapse; color: rgb(90, 90, 90); font-family: Arial,&amp;quot;宋体&amp;quot;,Helvetica,sans-serif,Verdana; font-size: 12px; font-size-adjust: none; font-stretch: normal; font-style: normal; font-variant: normal; font-weight: 400; line-height: 17.33px;\">\r\n				153/158			</td>\r\n		</tr>\r\n		<tr style=\"border-collapse: collapse; border-spacing: 0px 0px; color: rgb(90, 90, 90); empty-cells: show; font-family: Arial,&amp;quot;宋体&amp;quot;,Helvetica,sans-serif,Verdana; font-size: 12px; font-size-adjust: none; font-stretch: normal; font-style: normal; font-variant: normal; font-weight: 400; line-height: 17.33px;\">\r\n			<td style=\"border-collapse: collapse; color: rgb(90, 90, 90); font-family: Arial,&amp;quot;宋体&amp;quot;,Helvetica,sans-serif,Verdana; font-size: 12px; font-size-adjust: none; font-stretch: normal; font-style: normal; font-variant: normal; font-weight: 400; line-height: 17.33px;\">\r\n				S			</td>\r\n			<td style=\"border-collapse: collapse; color: rgb(90, 90, 90); font-family: Arial,&amp;quot;宋体&amp;quot;,Helvetica,sans-serif,Verdana; font-size: 12px; font-size-adjust: none; font-stretch: normal; font-style: normal; font-variant: normal; font-weight: 400; line-height: 17.33px;\">\r\n				73			</td>\r\n			<td style=\"border-collapse: collapse; color: rgb(90, 90, 90); font-family: Arial,&amp;quot;宋体&amp;quot;,Helvetica,sans-serif,Verdana; font-size: 12px; font-size-adjust: none; font-stretch: normal; font-style: normal; font-variant: normal; font-weight: 400; line-height: 17.33px;\">\r\n				37			</td>\r\n			<td style=\"border-collapse: collapse; color: rgb(90, 90, 90); font-family: Arial,&amp;quot;宋体&amp;quot;,Helvetica,sans-serif,Verdana; font-size: 12px; font-size-adjust: none; font-stretch: normal; font-style: normal; font-variant: normal; font-weight: 400; line-height: 17.33px;\">\r\n				98			</td>\r\n			<td style=\"border-collapse: collapse; color: rgb(90, 90, 90); font-family: Arial,&amp;quot;宋体&amp;quot;,Helvetica,sans-serif,Verdana; font-size: 12px; font-size-adjust: none; font-stretch: normal; font-style: normal; font-variant: normal; font-weight: 400; line-height: 17.33px;\">\r\n				56			</td>\r\n			<td style=\"border-collapse: collapse; color: rgb(90, 90, 90); font-family: Arial,&amp;quot;宋体&amp;quot;,Helvetica,sans-serif,Verdana; font-size: 12px; font-size-adjust: none; font-stretch: normal; font-style: normal; font-variant: normal; font-weight: 400; line-height: 17.33px;\">\r\n				88			</td>\r\n			<td style=\"border-collapse: collapse; color: rgb(90, 90, 90); font-family: Arial,&amp;quot;宋体&amp;quot;,Helvetica,sans-serif,Verdana; font-size: 12px; font-size-adjust: none; font-stretch: normal; font-style: normal; font-variant: normal; font-weight: 400; line-height: 17.33px;\">\r\n				159/164			</td>\r\n		</tr>\r\n		<tr style=\"border-collapse: collapse; border-spacing: 0px 0px; color: rgb(90, 90, 90); empty-cells: show; font-family: Arial,&amp;quot;宋体&amp;quot;,Helvetica,sans-serif,Verdana; font-size: 12px; font-size-adjust: none; font-stretch: normal; font-style: normal; font-variant: normal; font-weight: 400; line-height: 17.33px;\">\r\n			<td style=\"border-collapse: collapse; color: rgb(90, 90, 90); font-family: Arial,&amp;quot;宋体&amp;quot;,Helvetica,sans-serif,Verdana; font-size: 12px; font-size-adjust: none; font-stretch: normal; font-style: normal; font-variant: normal; font-weight: 400; line-height: 17.33px;\">\r\n				M			</td>\r\n			<td style=\"border-collapse: collapse; color: rgb(90, 90, 90); font-family: Arial,&amp;quot;宋体&amp;quot;,Helvetica,sans-serif,Verdana; font-size: 12px; font-size-adjust: none; font-stretch: normal; font-style: normal; font-variant: normal; font-weight: 400; line-height: 17.33px;\">\r\n				74			</td>\r\n			<td style=\"border-collapse: collapse; color: rgb(90, 90, 90); font-family: Arial,&amp;quot;宋体&amp;quot;,Helvetica,sans-serif,Verdana; font-size: 12px; font-size-adjust: none; font-stretch: normal; font-style: normal; font-variant: normal; font-weight: 400; line-height: 17.33px;\">\r\n				38			</td>\r\n			<td style=\"border-collapse: collapse; color: rgb(90, 90, 90); font-family: Arial,&amp;quot;宋体&amp;quot;,Helvetica,sans-serif,Verdana; font-size: 12px; font-size-adjust: none; font-stretch: normal; font-style: normal; font-variant: normal; font-weight: 400; line-height: 17.33px;\">\r\n				102			</td>\r\n			<td style=\"border-collapse: collapse; color: rgb(90, 90, 90); font-family: Arial,&amp;quot;宋体&amp;quot;,Helvetica,sans-serif,Verdana; font-size: 12px; font-size-adjust: none; font-stretch: normal; font-style: normal; font-variant: normal; font-weight: 400; line-height: 17.33px;\">\r\n				57			</td>\r\n			<td style=\"border-collapse: collapse; color: rgb(90, 90, 90); font-family: Arial,&amp;quot;宋体&amp;quot;,Helvetica,sans-serif,Verdana; font-size: 12px; font-size-adjust: none; font-stretch: normal; font-style: normal; font-variant: normal; font-weight: 400; line-height: 17.33px;\">\r\n				92			</td>\r\n			<td style=\"border-collapse: collapse; color: rgb(90, 90, 90); font-family: Arial,&amp;quot;宋体&amp;quot;,Helvetica,sans-serif,Verdana; font-size: 12px; font-size-adjust: none; font-stretch: normal; font-style: normal; font-variant: normal; font-weight: 400; line-height: 17.33px;\">\r\n				165/170			</td>\r\n		</tr>\r\n		<tr style=\"border-collapse: collapse; border-spacing: 0px 0px; color: rgb(90, 90, 90); empty-cells: show; font-family: Arial,&amp;quot;宋体&amp;quot;,Helvetica,sans-serif,Verdana; font-size: 12px; font-size-adjust: none; font-stretch: normal; font-style: normal; font-variant: normal; font-weight: 400; line-height: 17.33px;\">\r\n			<td style=\"border-collapse: collapse; color: rgb(90, 90, 90); font-family: Arial,&amp;quot;宋体&amp;quot;,Helvetica,sans-serif,Verdana; font-size: 12px; font-size-adjust: none; font-stretch: normal; font-style: normal; font-variant: normal; font-weight: 400; line-height: 17.33px;\">\r\n				L			</td>\r\n			<td style=\"border-collapse: collapse; color: rgb(90, 90, 90); font-family: Arial,&amp;quot;宋体&amp;quot;,Helvetica,sans-serif,Verdana; font-size: 12px; font-size-adjust: none; font-stretch: normal; font-style: normal; font-variant: normal; font-weight: 400; line-height: 17.33px;\">\r\n				75			</td>\r\n			<td style=\"border-collapse: collapse; color: rgb(90, 90, 90); font-family: Arial,&amp;quot;宋体&amp;quot;,Helvetica,sans-serif,Verdana; font-size: 12px; font-size-adjust: none; font-stretch: normal; font-style: normal; font-variant: normal; font-weight: 400; line-height: 17.33px;\">\r\n				39			</td>\r\n			<td style=\"border-collapse: collapse; color: rgb(90, 90, 90); font-family: Arial,&amp;quot;宋体&amp;quot;,Helvetica,sans-serif,Verdana; font-size: 12px; font-size-adjust: none; font-stretch: normal; font-style: normal; font-variant: normal; font-weight: 400; line-height: 17.33px;\">\r\n				106			</td>\r\n			<td style=\"border-collapse: collapse; color: rgb(90, 90, 90); font-family: Arial,&amp;quot;宋体&amp;quot;,Helvetica,sans-serif,Verdana; font-size: 12px; font-size-adjust: none; font-stretch: normal; font-style: normal; font-variant: normal; font-weight: 400; line-height: 17.33px;\">\r\n				58			</td>\r\n			<td style=\"border-collapse: collapse; color: rgb(90, 90, 90); font-family: Arial,&amp;quot;宋体&amp;quot;,Helvetica,sans-serif,Verdana; font-size: 12px; font-size-adjust: none; font-stretch: normal; font-style: normal; font-variant: normal; font-weight: 400; line-height: 17.33px;\">\r\n				96			</td>\r\n			<td style=\"border-collapse: collapse; color: rgb(90, 90, 90); font-family: Arial,&amp;quot;宋体&amp;quot;,Helvetica,sans-serif,Verdana; font-size: 12px; font-size-adjust: none; font-stretch: normal; font-style: normal; font-variant: normal; font-weight: 400; line-height: 17.33px;\">\r\n				169/174			</td>\r\n		</tr>\r\n		<tr style=\"border-collapse: collapse; border-spacing: 0px 0px; color: rgb(90, 90, 90); empty-cells: show; font-family: Arial,&amp;quot;宋体&amp;quot;,Helvetica,sans-serif,Verdana; font-size: 12px; font-size-adjust: none; font-stretch: normal; font-style: normal; font-variant: normal; font-weight: 400; line-height: 17.33px;\">\r\n			<td style=\"border-collapse: collapse; color: rgb(90, 90, 90); font-family: Arial,&amp;quot;宋体&amp;quot;,Helvetica,sans-serif,Verdana; font-size: 12px; font-size-adjust: none; font-stretch: normal; font-style: normal; font-variant: normal; font-weight: 400; line-height: 17.33px;\">\r\n				XL			</td>\r\n			<td style=\"border-collapse: collapse; color: rgb(90, 90, 90); font-family: Arial,&amp;quot;宋体&amp;quot;,Helvetica,sans-serif,Verdana; font-size: 12px; font-size-adjust: none; font-stretch: normal; font-style: normal; font-variant: normal; font-weight: 400; line-height: 17.33px;\">\r\n				76			</td>\r\n			<td style=\"border-collapse: collapse; color: rgb(90, 90, 90); font-family: Arial,&amp;quot;宋体&amp;quot;,Helvetica,sans-serif,Verdana; font-size: 12px; font-size-adjust: none; font-stretch: normal; font-style: normal; font-variant: normal; font-weight: 400; line-height: 17.33px;\">\r\n				40			</td>\r\n			<td style=\"border-collapse: collapse; color: rgb(90, 90, 90); font-family: Arial,&amp;quot;宋体&amp;quot;,Helvetica,sans-serif,Verdana; font-size: 12px; font-size-adjust: none; font-stretch: normal; font-style: normal; font-variant: normal; font-weight: 400; line-height: 17.33px;\">\r\n				110			</td>\r\n			<td style=\"border-collapse: collapse; color: rgb(90, 90, 90); font-family: Arial,&amp;quot;宋体&amp;quot;,Helvetica,sans-serif,Verdana; font-size: 12px; font-size-adjust: none; font-stretch: normal; font-style: normal; font-variant: normal; font-weight: 400; line-height: 17.33px;\">\r\n				59			</td>\r\n			<td style=\"border-collapse: collapse; color: rgb(90, 90, 90); font-family: Arial,&amp;quot;宋体&amp;quot;,Helvetica,sans-serif,Verdana; font-size: 12px; font-size-adjust: none; font-stretch: normal; font-style: normal; font-variant: normal; font-weight: 400; line-height: 17.33px;\">\r\n				100			</td>\r\n			<td style=\"border-collapse: collapse; color: rgb(90, 90, 90); font-family: Arial,&amp;quot;宋体&amp;quot;,Helvetica,sans-serif,Verdana; font-size: 12px; font-size-adjust: none; font-stretch: normal; font-style: normal; font-variant: normal; font-weight: 400; line-height: 17.33px;\">\r\n				173/177			</td>\r\n		</tr>\r\n	</tbody></table><p><span style=\"display: inline !important; float: none; background-color: transparent; color: rgb(51, 51, 51); font-family: &quot;Microsoft YaHei&quot;; font-size: 14px; font-style: normal; font-variant: normal; font-weight: 400; letter-spacing: normal; line-height: 20px; orphans: 2; text-align: left; text-decoration: none; text-indent: 0px; text-transform: none; -webkit-text-stroke-width: 0px; word-spacing: 0px;\"></span></p><hr/><p><span style=\"display: inline !important; float: none; background-color: transparent; color: rgb(51, 51, 51); font-family: &quot;Microsoft YaHei&quot;; font-size: 14px; font-style: normal; font-variant: normal; font-weight: 400; letter-spacing: normal; line-height: 20px; orphans: 2; text-align: left; text-decoration: none; text-indent: 0px; text-transform: none; -webkit-text-stroke-width: 0px; word-spacing: 0px;\"></span><img width=\"800\" height=\"800\" alt=\"\" src=\"http://pro7c4158.pic31.websiteonline.cn/upload/hzx-t1476(1)_qwto.jpg\"/><img width=\"800\" height=\"800\" alt=\"\" src=\"http://pro7c4158.pic31.websiteonline.cn/upload/hzx-t1476(2)_quqi.jpg\"/><img width=\"800\" height=\"800\" alt=\"\" src=\"http://pro7c4158.pic31.websiteonline.cn/upload/hzx-t1476(3)_8ich.jpg\"/><img width=\"800\" height=\"800\" alt=\"\" src=\"http://pro7c4158.pic31.websiteonline.cn/upload/hzx-t1476(4)_z9wz.jpg\"/><br/><span style=\"display: inline !important; float: none; background-color: transparent; color: rgb(51, 51, 51); font-family: &quot;Microsoft YaHei&quot;; font-size: 14px; font-style: normal; font-variant: normal; font-weight: 400; letter-spacing: normal; line-height: 20px; orphans: 2; text-align: left; text-decoration: none; text-indent: 0px; text-transform: none; -webkit-text-stroke-width: 0px; word-spacing: 0px;\"></span></p><hr/><p><span style=\"display: inline !important; float: none; background-color: transparent; color: rgb(51, 51, 51); font-family: &quot;Microsoft YaHei&quot;; font-size: 14px; font-style: normal; font-variant: normal; font-weight: 400; letter-spacing: normal; line-height: 20px; orphans: 2; text-align: left; text-decoration: none; text-indent: 0px; text-transform: none; -webkit-text-stroke-width: 0px; word-spacing: 0px;\"></span><span style=\"background-color: rgb(255, 255, 255); color: rgb(51, 51, 51); font-family: &amp;quot;Microsoft YaHei&amp;quot;; font-size: 24px; font-style: normal; font-variant: normal; font-weight: 400; letter-spacing: normal; line-height: 33.6px; margin-bottom: 0px; margin-left: 0px; margin-right: 0px; margin-top: 0px; orphans: 2; padding-bottom: 0px; padding-left: 0px; padding-right: 0px; padding-top: 0px; text-align: left; text-decoration: none; text-indent: 0px; text-transform: none; -webkit-text-stroke-width: 0px; word-spacing: 0px;\">细节展示</span><span style=\"display: inline !important; float: none; background-color: transparent; color: rgb(51, 51, 51); font-family: &quot;Microsoft YaHei&quot;; font-size: 14px; font-style: normal; font-variant: normal; font-weight: 400; letter-spacing: normal; line-height: 20px; orphans: 2; text-align: left; text-decoration: none; text-indent: 0px; text-transform: none; -webkit-text-stroke-width: 0px; word-spacing: 0px;\"> </span></p><hr/><p><span style=\"display: inline !important; float: none; background-color: transparent; color: rgb(51, 51, 51); font-family: &quot;Microsoft YaHei&quot;; font-size: 14px; font-style: normal; font-variant: normal; font-weight: 400; letter-spacing: normal; line-height: 20px; orphans: 2; text-align: left; text-decoration: none; text-indent: 0px; text-transform: none; -webkit-text-stroke-width: 0px; word-spacing: 0px;\"></span><img width=\"800\" height=\"800\" alt=\"\" src=\"http://pro7c4158.pic31.websiteonline.cn/upload/hzx-t1476(5)_5yxa.jpg\"/><span style=\"display: inline !important; float: none; background-color: transparent; color: rgb(51, 51, 51); font-family: &quot;Microsoft YaHei&quot;; font-size: 14px; font-style: normal; font-variant: normal; font-weight: 400; letter-spacing: normal; line-height: 20px; orphans: 2; text-align: left; text-decoration: none; text-indent: 0px; text-transform: none; -webkit-text-stroke-width: 0px; word-spacing: 0px;\"> </span></p><hr/><p><span style=\"display: inline !important; float: none; background-color: transparent; color: rgb(51, 51, 51); font-family: &quot;Microsoft YaHei&quot;; font-size: 14px; font-style: normal; font-variant: normal; font-weight: 400; letter-spacing: normal; line-height: 20px; orphans: 2; text-align: left; text-decoration: none; text-indent: 0px; text-transform: none; -webkit-text-stroke-width: 0px; word-spacing: 0px;\"></span><img width=\"800\" height=\"800\" alt=\"\" src=\"http://pro7c4158.pic31.websiteonline.cn/upload/hzx-t1476(6)_f0eb.jpg\"/><span style=\"display: inline !important; float: none; background-color: transparent; color: rgb(51, 51, 51); font-family: &quot;Microsoft YaHei&quot;; font-size: 14px; font-style: normal; font-variant: normal; font-weight: 400; letter-spacing: normal; line-height: 20px; orphans: 2; text-align: left; text-decoration: none; text-indent: 0px; text-transform: none; -webkit-text-stroke-width: 0px; word-spacing: 0px;\"> </span></p><hr/><p><span style=\"display: inline !important; float: none; background-color: transparent; color: rgb(51, 51, 51); font-family: &quot;Microsoft YaHei&quot;; font-size: 14px; font-style: normal; font-variant: normal; font-weight: 400; letter-spacing: normal; line-height: 20px; orphans: 2; text-align: left; text-decoration: none; text-indent: 0px; text-transform: none; -webkit-text-stroke-width: 0px; word-spacing: 0px;\"></span></p><p><br/></p>');

-- ----------------------------
-- Table structure for hui_user
-- ----------------------------
DROP TABLE IF EXISTS `hui_user`;
CREATE TABLE `hui_user` (
  `id` int(6) unsigned zerofill NOT NULL AUTO_INCREMENT,
  `username` varchar(16) DEFAULT NULL,
  `pass` char(255) NOT NULL,
  `age` int(10) unsigned NOT NULL,
  `sex` varchar(10) DEFAULT NULL,
  `phone` varchar(16) DEFAULT NULL,
  `email` varchar(255) NOT NULL,
  `address` varchar(255) DEFAULT NULL,
  `state` int(1) unsigned NOT NULL DEFAULT '1',
  PRIMARY KEY (`id`),
  UNIQUE KEY `id` (`id`),
  UNIQUE KEY `email` (`email`),
  UNIQUE KEY `username_2` (`username`),
  UNIQUE KEY `username_3` (`username`),
  UNIQUE KEY `phone` (`phone`),
  UNIQUE KEY `phone_2` (`phone`),
  KEY `username` (`username`),
  KEY `id_2` (`id`)
) ENGINE=InnoDB AUTO_INCREMENT=15 DEFAULT CHARSET=utf8;

-- ----------------------------
-- Records of hui_user
-- ----------------------------
INSERT INTO `hui_user` VALUES ('000007', 'chiru', 'e10adc3949ba59abbe56e057f20f883e', '21', '男', '13445453452', '1223@wwq.com', '运城', '2');
INSERT INTO `hui_user` VALUES ('000008', 'sunshine', 'e10adc3949ba59abbe56e057f20f883e', '25', '女', '15365654343', '121232@wwq.com', '广州', '2');
INSERT INTO `hui_user` VALUES ('000009', '花卉', 'e10adc3949ba59abbe56e057f20f883e', '24', '女', '1375634234', '7611@q.com', '江苏', '1');
INSERT INTO `hui_user` VALUES ('000011', 'haua', 'e10adc3949ba59abbe56e057f20f883e', '12', '女', '13756344693', '159761121@q6.com', '江苏', '1');
INSERT INTO `hui_user` VALUES ('000012', '在打赏', 'e10adc3949ba59abbe56e057f20f883e', '12', '男', '13756347634', 'qw@q.com', '江苏', '1');
INSERT INTO `hui_user` VALUES ('000014', 'ads', 'e10adc3949ba59abbe56e057f20f883e', '12', '男', '13756347003', '15976@q.com', '江苏', '1');
